ISO-10303-21;
HEADER;
/* Generated by software containing ST-Developer
 * from STEP Tools, Inc. (www.steptools.com) 
 */

FILE_DESCRIPTION(
/* description */ (''),
/* implementation_level */ '2;1');

FILE_NAME(
/* name */ 'top.step',
/* time_stamp */ '2026-06-16T04:19:13-04:00',
/* author */ (''),
/* organization */ (''),
/* preprocessor_version */ 'ST-DEVELOPER v20.1',
/* originating_system */ 'Autodesk Translation Framework v15.8.0.0',
/* authorisation */ '');

FILE_SCHEMA (('AUTOMOTIVE_DESIGN { 1 0 10303 214 3 1 1 }'));
ENDSEC;

DATA;
#10=MECHANICAL_DESIGN_GEOMETRIC_PRESENTATION_REPRESENTATION('',(#13),#2577);
#11=SHAPE_REPRESENTATION_RELATIONSHIP('SRR','None',#2584,#12);
#12=ADVANCED_BREP_SHAPE_REPRESENTATION('',(#14),#2576);
#13=STYLED_ITEM('',(#2594),#14);
#14=MANIFOLD_SOLID_BREP('Top',#1250);
#15=(
BOUNDED_SURFACE()
B_SPLINE_SURFACE(5,1,((#2095,#2096),(#2097,#2098),(#2099,#2100),(#2101,
#2102),(#2103,#2104),(#2105,#2106),(#2107,#2108),(#2109,#2110),(#2111,#2112),
(#2113,#2114),(#2115,#2116),(#2117,#2118),(#2119,#2120),(#2121,#2122),(#2123,
#2124),(#2125,#2126),(#2127,#2128),(#2129,#2130),(#2131,#2132),(#2133,#2134),
(#2135,#2136),(#2137,#2138),(#2139,#2140),(#2141,#2142),(#2143,#2144),(#2145,
#2146),(#2147,#2148),(#2149,#2150),(#2151,#2152),(#2153,#2154)),
 .UNSPECIFIED.,.F.,.F.,.F.)
B_SPLINE_SURFACE_WITH_KNOTS((6,1,1,1,1,1,1,1,1,1,1,1,1,1,1,1,1,1,1,1,1,
1,1,1,1,6),(2,2),(-1.,-0.96,-0.92,-0.88,-0.84,-0.8,-0.76,-0.72,-0.68,-0.64,
-0.6,-0.56,-0.52,-0.48,-0.44,-0.4,-0.36,-0.32,-0.28,-0.24,-0.2,-0.16,-0.12,
-0.08,-0.04,0.),(0.,0.22),.UNSPECIFIED.)
GEOMETRIC_REPRESENTATION_ITEM()
RATIONAL_B_SPLINE_SURFACE(((1.,1.),(1.,1.),(1.,1.),(1.,1.),(1.,1.),(1.,
1.),(1.,1.),(1.,1.),(1.,1.),(1.,1.),(1.,1.),(1.,1.),(1.,1.),(1.,1.),(1.,
1.),(1.,1.),(1.,1.),(1.,1.),(1.,1.),(1.,1.),(1.,1.),(1.,1.),(1.,1.),(1.,
1.),(1.,1.),(1.,1.),(1.,1.),(1.,1.),(1.,1.),(1.,1.)))
REPRESENTATION_ITEM('')
SURFACE()
);
#16=(
BOUNDED_SURFACE()
B_SPLINE_SURFACE(2,2,((#2170,#2171,#2172,#2173,#2174,#2175,#2176,#2177,
#2178),(#2179,#2180,#2181,#2182,#2183,#2184,#2185,#2186,#2187),(#2188,#2189,
#2190,#2191,#2192,#2193,#2194,#2195,#2196)),.UNSPECIFIED.,.F.,.T.,.F.)
B_SPLINE_SURFACE_WITH_KNOTS((3,3),(3,2,2,2,3),(-1.5707963267949,-0.304692654015398),
(-3.14159265358979,-1.5707963267949,0.,1.5707963267949,3.14159265358979),
 .UNSPECIFIED.)
GEOMETRIC_REPRESENTATION_ITEM()
RATIONAL_B_SPLINE_SURFACE(((1.,0.707106781186548,1.,0.707106781186548,1.,
0.707106781186548,1.,0.707106781186548,1.),(0.806225774829858,0.570087712549571,
0.806225774829858,0.570087712549571,0.806225774829858,0.570087712549571,
0.806225774829858,0.570087712549571,0.806225774829858),(1.,0.707106781186548,
1.,0.707106781186548,1.,0.707106781186548,1.,0.707106781186548,1.)))
REPRESENTATION_ITEM('')
SURFACE()
);
#17=(
BOUNDED_SURFACE()
B_SPLINE_SURFACE(2,2,((#2203,#2204,#2205,#2206,#2207,#2208,#2209,#2210,
#2211),(#2212,#2213,#2214,#2215,#2216,#2217,#2218,#2219,#2220),(#2221,#2222,
#2223,#2224,#2225,#2226,#2227,#2228,#2229)),.UNSPECIFIED.,.F.,.T.,.F.)
B_SPLINE_SURFACE_WITH_KNOTS((3,3),(3,2,2,2,3),(-1.5707963267949,-0.304692654015398),
(-3.14159265358979,-1.5707963267949,0.,1.5707963267949,3.14159265358979),
 .UNSPECIFIED.)
GEOMETRIC_REPRESENTATION_ITEM()
RATIONAL_B_SPLINE_SURFACE(((1.,0.707106781186548,1.,0.707106781186548,1.,
0.707106781186548,1.,0.707106781186548,1.),(0.806225774829858,0.570087712549571,
0.806225774829858,0.570087712549571,0.806225774829858,0.570087712549571,
0.806225774829858,0.570087712549571,0.806225774829858),(1.,0.707106781186548,
1.,0.707106781186548,1.,0.707106781186548,1.,0.707106781186548,1.)))
REPRESENTATION_ITEM('')
SURFACE()
);
#18=(
BOUNDED_SURFACE()
B_SPLINE_SURFACE(2,2,((#2236,#2237,#2238,#2239,#2240,#2241,#2242,#2243,
#2244),(#2245,#2246,#2247,#2248,#2249,#2250,#2251,#2252,#2253),(#2254,#2255,
#2256,#2257,#2258,#2259,#2260,#2261,#2262)),.UNSPECIFIED.,.F.,.T.,.F.)
B_SPLINE_SURFACE_WITH_KNOTS((3,3),(3,2,2,2,3),(-1.5707963267949,-0.304692654015398),
(-3.14159265358979,-1.5707963267949,0.,1.5707963267949,3.14159265358979),
 .UNSPECIFIED.)
GEOMETRIC_REPRESENTATION_ITEM()
RATIONAL_B_SPLINE_SURFACE(((1.,0.707106781186548,1.,0.707106781186548,1.,
0.707106781186548,1.,0.707106781186548,1.),(0.806225774829858,0.570087712549571,
0.806225774829858,0.570087712549571,0.806225774829858,0.570087712549571,
0.806225774829858,0.570087712549571,0.806225774829858),(1.,0.707106781186548,
1.,0.707106781186548,1.,0.707106781186548,1.,0.707106781186548,1.)))
REPRESENTATION_ITEM('')
SURFACE()
);
#19=(
BOUNDED_SURFACE()
B_SPLINE_SURFACE(2,2,((#2269,#2270,#2271,#2272,#2273,#2274,#2275,#2276,
#2277),(#2278,#2279,#2280,#2281,#2282,#2283,#2284,#2285,#2286),(#2287,#2288,
#2289,#2290,#2291,#2292,#2293,#2294,#2295)),.UNSPECIFIED.,.F.,.T.,.F.)
B_SPLINE_SURFACE_WITH_KNOTS((3,3),(3,2,2,2,3),(-1.5707963267949,-0.304692654015398),
(-3.14159265358979,-1.5707963267949,0.,1.5707963267949,3.14159265358979),
 .UNSPECIFIED.)
GEOMETRIC_REPRESENTATION_ITEM()
RATIONAL_B_SPLINE_SURFACE(((1.,0.707106781186548,1.,0.707106781186548,1.,
0.707106781186548,1.,0.707106781186548,1.),(0.806225774829858,0.570087712549571,
0.806225774829858,0.570087712549571,0.806225774829858,0.570087712549571,
0.806225774829858,0.570087712549571,0.806225774829858),(1.,0.707106781186548,
1.,0.707106781186548,1.,0.707106781186548,1.,0.707106781186548,1.)))
REPRESENTATION_ITEM('')
SURFACE()
);
#20=(
BOUNDED_SURFACE()
B_SPLINE_SURFACE(5,1,((#2382,#2383),(#2384,#2385),(#2386,#2387),(#2388,
#2389),(#2390,#2391),(#2392,#2393),(#2394,#2395),(#2396,#2397),(#2398,#2399),
(#2400,#2401),(#2402,#2403),(#2404,#2405),(#2406,#2407),(#2408,#2409),(#2410,
#2411),(#2412,#2413),(#2414,#2415),(#2416,#2417),(#2418,#2419),(#2420,#2421),
(#2422,#2423),(#2424,#2425),(#2426,#2427),(#2428,#2429),(#2430,#2431),(#2432,
#2433),(#2434,#2435),(#2436,#2437),(#2438,#2439),(#2440,#2441)),
 .UNSPECIFIED.,.F.,.F.,.F.)
B_SPLINE_SURFACE_WITH_KNOTS((6,1,1,1,1,1,1,1,1,1,1,1,1,1,1,1,1,1,1,1,1,
1,1,1,1,6),(2,2),(0.,0.04,0.08,0.12,0.16,0.2,0.24,0.28,0.32,0.36,0.4,0.44,
0.48,0.52,0.56,0.6,0.64,0.68,0.72,0.76,0.8,0.84,0.88,0.92,0.96,1.),(0.,
0.22),.UNSPECIFIED.)
GEOMETRIC_REPRESENTATION_ITEM()
RATIONAL_B_SPLINE_SURFACE(((1.,1.),(1.,1.),(1.,1.),(1.,1.),(1.,1.),(1.,
1.),(1.,1.),(1.,1.),(1.,1.),(1.,1.),(1.,1.),(1.,1.),(1.,1.),(1.,1.),(1.,
1.),(1.,1.),(1.,1.),(1.,1.),(1.,1.),(1.,1.),(1.,1.),(1.,1.),(1.,1.),(1.,
1.),(1.,1.),(1.,1.),(1.,1.),(1.,1.),(1.,1.),(1.,1.)))
REPRESENTATION_ITEM('')
SURFACE()
);
#21=B_SPLINE_CURVE_WITH_KNOTS('',3,(#1952,#1953,#1954,#1955,#1956,#1957,
#1958,#1959,#1960,#1961,#1962,#1963,#1964,#1965,#1966,#1967,#1968,#1969,
#1970,#1971,#1972,#1973,#1974,#1975,#1976,#1977,#1978,#1979,#1980,#1981,
#1982,#1983,#1984,#1985,#1986,#1987,#1988,#1989,#1990,#1991,#1992,#1993,
#1994,#1995,#1996,#1997,#1998,#1999,#2000,#2001,#2002,#2003,#2004,#2005,
#2006,#2007,#2008,#2009,#2010,#2011,#2012,#2013,#2014,#2015,#2016,#2017,
#2018,#2019,#2020,#2021,#2022,#2023,#2024,#2025,#2026,#2027,#2028,#2029,
#2030,#2031,#2032,#2033,#2034,#2035,#2036,#2037,#2038,#2039,#2040,#2041,
#2042,#2043,#2044,#2045,#2046,#2047,#2048,#2049,#2050,#2051,#2052,#2053,
#2054,#2055,#2056,#2057,#2058,#2059,#2060,#2061,#2062,#2063,#2064,#2065,
#2066,#2067,#2068,#2069,#2070,#2071,#2072,#2073,#2074,#2075,#2076,#2077,
#2078,#2079,#2080,#2081,#2082,#2083,#2084,#2085,#2086,#2087,#2088,#2089,
#2090),.UNSPECIFIED.,.F.,.F.,(4,3,3,3,3,3,3,3,3,3,3,3,3,3,3,3,3,3,3,3,3,
3,3,3,3,3,3,3,3,3,3,3,3,3,3,3,3,3,3,3,3,3,3,3,3,3,4),(-1.00729523340586,
-0.974384673867587,-0.94647946267081,-0.922639873784737,-0.900541606725975,
-0.879632093051267,-0.859912307988653,-0.840938232070271,-0.821648419987598,
-0.801730323519535,-0.780297719658242,-0.755708305442119,-0.724164266695965,
-0.699849333616974,-0.677979041941444,-0.656792196880774,-0.637690766168453,
-0.619310362124984,-0.601465352824808,-0.582669560549033,-0.562889398075479,
-0.542102533388852,-0.520579310307033,-0.499026879243405,-0.478273057730146,
-0.458760042258708,-0.440239697451954,-0.422125493031958,-0.404259308090636,
-0.385960651846954,-0.366580212283919,-0.345840708437808,-0.322234702439675,
-0.295529516891709,-0.264337245651565,-0.240271827082993,-0.219096800524468,
-0.199519701212306,-0.180260578105106,-0.160977173166644,-0.140729704063164,
-0.119461948332951,-0.0971216778476475,-0.0722787928550819,-0.0447194432774573,
-0.00439810081183287,0.),.UNSPECIFIED.);
#22=(
BOUNDED_CURVE()
B_SPLINE_CURVE(5,(#1855,#1856,#1857,#1858,#1859,#1860,#1861,#1862,#1863,
#1864,#1865,#1866,#1867,#1868,#1869,#1870,#1871,#1872,#1873,#1874,#1875,
#1876,#1877,#1878,#1879,#1880,#1881,#1882,#1883,#1884),.UNSPECIFIED.,.F.,
 .F.)
B_SPLINE_CURVE_WITH_KNOTS((6,1,1,1,1,1,1,1,1,1,1,1,1,1,1,1,1,1,1,1,1,1,
1,1,1,6),(-1.,-0.96,-0.92,-0.88,-0.84,-0.8,-0.76,-0.72,-0.68,-0.64,-0.6,
-0.56,-0.52,-0.48,-0.44,-0.4,-0.36,-0.32,-0.28,-0.24,-0.2,-0.16,-0.12,-0.08,
-0.04,0.),.UNSPECIFIED.)
CURVE()
GEOMETRIC_REPRESENTATION_ITEM()
RATIONAL_B_SPLINE_CURVE((1.,1.,1.,1.,1.,1.,1.,1.,1.,1.,1.,1.,1.,1.,1.,1.,
1.,1.,1.,1.,1.,1.,1.,1.,1.,1.,1.,1.,1.,1.))
REPRESENTATION_ITEM('')
);
#23=(
BOUNDED_CURVE()
B_SPLINE_CURVE(5,(#1894,#1895,#1896,#1897,#1898,#1899,#1900,#1901,#1902,
#1903,#1904,#1905,#1906,#1907,#1908,#1909,#1910,#1911,#1912,#1913,#1914,
#1915,#1916,#1917,#1918,#1919,#1920,#1921,#1922,#1923),.UNSPECIFIED.,.F.,
 .F.)
B_SPLINE_CURVE_WITH_KNOTS((6,1,1,1,1,1,1,1,1,1,1,1,1,1,1,1,1,1,1,1,1,1,
1,1,1,6),(0.,0.04,0.08,0.12,0.16,0.2,0.24,0.28,0.32,0.36,0.4,0.44,0.48,
0.52,0.56,0.6,0.64,0.68,0.72,0.76,0.8,0.84,0.88,0.92,0.96,1.),
 .UNSPECIFIED.)
CURVE()
GEOMETRIC_REPRESENTATION_ITEM()
RATIONAL_B_SPLINE_CURVE((1.,1.,1.,1.,1.,1.,1.,1.,1.,1.,1.,1.,1.,1.,1.,1.,
1.,1.,1.,1.,1.,1.,1.,1.,1.,1.,1.,1.,1.,1.))
REPRESENTATION_ITEM('')
);
#24=(
BOUNDED_CURVE()
B_SPLINE_CURVE(5,(#2443,#2444,#2445,#2446,#2447,#2448,#2449,#2450,#2451,
#2452,#2453,#2454,#2455,#2456,#2457,#2458,#2459,#2460,#2461,#2462,#2463,
#2464,#2465,#2466,#2467,#2468,#2469,#2470,#2471,#2472),.UNSPECIFIED.,.F.,
 .F.)
B_SPLINE_CURVE_WITH_KNOTS((6,1,1,1,1,1,1,1,1,1,1,1,1,1,1,1,1,1,1,1,1,1,
1,1,1,6),(-1.,-0.96,-0.92,-0.88,-0.84,-0.8,-0.76,-0.72,-0.68,-0.64,-0.6,
-0.56,-0.52,-0.48,-0.44,-0.4,-0.36,-0.32,-0.28,-0.24,-0.2,-0.16,-0.12,-0.08,
-0.04,0.),.UNSPECIFIED.)
CURVE()
GEOMETRIC_REPRESENTATION_ITEM()
RATIONAL_B_SPLINE_CURVE((1.,1.,1.,1.,1.,1.,1.,1.,1.,1.,1.,1.,1.,1.,1.,1.,
1.,1.,1.,1.,1.,1.,1.,1.,1.,1.,1.,1.,1.,1.))
REPRESENTATION_ITEM('')
);
#25=FACE_BOUND('',#174,.T.);
#26=FACE_BOUND('',#177,.T.);
#27=FACE_BOUND('',#180,.T.);
#28=FACE_BOUND('',#184,.T.);
#29=FACE_BOUND('',#185,.T.);
#30=FACE_BOUND('',#186,.T.);
#31=FACE_BOUND('',#187,.T.);
#32=FACE_BOUND('',#188,.T.);
#33=FACE_BOUND('',#220,.T.);
#34=FACE_BOUND('',#221,.T.);
#35=FACE_BOUND('',#222,.T.);
#36=FACE_BOUND('',#232,.T.);
#37=FACE_BOUND('',#249,.T.);
#38=FACE_BOUND('',#250,.T.);
#39=FACE_BOUND('',#251,.T.);
#40=FACE_BOUND('',#252,.T.);
#41=FACE_BOUND('',#253,.T.);
#42=FACE_BOUND('',#258,.T.);
#43=FACE_BOUND('',#259,.T.);
#44=FACE_BOUND('',#260,.T.);
#45=FACE_BOUND('',#261,.T.);
#46=FACE_BOUND('',#262,.T.);
#47=FACE_BOUND('',#263,.T.);
#48=FACE_BOUND('',#264,.T.);
#49=PLANE('',#1267);
#50=PLANE('',#1271);
#51=PLANE('',#1275);
#52=PLANE('',#1279);
#53=PLANE('',#1283);
#54=PLANE('',#1287);
#55=PLANE('',#1291);
#56=PLANE('',#1292);
#57=PLANE('',#1301);
#58=PLANE('',#1304);
#59=PLANE('',#1307);
#60=PLANE('',#1309);
#61=PLANE('',#1310);
#62=PLANE('',#1311);
#63=PLANE('',#1319);
#64=PLANE('',#1323);
#65=PLANE('',#1327);
#66=PLANE('',#1331);
#67=PLANE('',#1332);
#68=PLANE('',#1336);
#69=PLANE('',#1343);
#70=PLANE('',#1344);
#71=PLANE('',#1345);
#72=PLANE('',#1349);
#73=PLANE('',#1350);
#74=PLANE('',#1357);
#75=PLANE('',#1358);
#76=PLANE('',#1360);
#77=PLANE('',#1361);
#78=PLANE('',#1362);
#79=PLANE('',#1369);
#80=PLANE('',#1372);
#81=PLANE('',#1373);
#82=PLANE('',#1376);
#83=PLANE('',#1382);
#84=PLANE('',#1386);
#85=PLANE('',#1390);
#86=PLANE('',#1394);
#87=PLANE('',#1395);
#88=PLANE('',#1396);
#89=PLANE('',#1397);
#90=PLANE('',#1398);
#91=FACE_OUTER_BOUND('',#166,.T.);
#92=FACE_OUTER_BOUND('',#167,.T.);
#93=FACE_OUTER_BOUND('',#168,.T.);
#94=FACE_OUTER_BOUND('',#169,.T.);
#95=FACE_OUTER_BOUND('',#170,.T.);
#96=FACE_OUTER_BOUND('',#171,.T.);
#97=FACE_OUTER_BOUND('',#172,.T.);
#98=FACE_OUTER_BOUND('',#173,.T.);
#99=FACE_OUTER_BOUND('',#175,.T.);
#100=FACE_OUTER_BOUND('',#176,.T.);
#101=FACE_OUTER_BOUND('',#178,.T.);
#102=FACE_OUTER_BOUND('',#179,.T.);
#103=FACE_OUTER_BOUND('',#181,.T.);
#104=FACE_OUTER_BOUND('',#182,.T.);
#105=FACE_OUTER_BOUND('',#183,.T.);
#106=FACE_OUTER_BOUND('',#189,.T.);
#107=FACE_OUTER_BOUND('',#190,.T.);
#108=FACE_OUTER_BOUND('',#191,.T.);
#109=FACE_OUTER_BOUND('',#192,.T.);
#110=FACE_OUTER_BOUND('',#193,.T.);
#111=FACE_OUTER_BOUND('',#194,.T.);
#112=FACE_OUTER_BOUND('',#195,.T.);
#113=FACE_OUTER_BOUND('',#196,.T.);
#114=FACE_OUTER_BOUND('',#197,.T.);
#115=FACE_OUTER_BOUND('',#198,.T.);
#116=FACE_OUTER_BOUND('',#199,.T.);
#117=FACE_OUTER_BOUND('',#200,.T.);
#118=FACE_OUTER_BOUND('',#201,.T.);
#119=FACE_OUTER_BOUND('',#202,.T.);
#120=FACE_OUTER_BOUND('',#203,.T.);
#121=FACE_OUTER_BOUND('',#204,.T.);
#122=FACE_OUTER_BOUND('',#205,.T.);
#123=FACE_OUTER_BOUND('',#206,.T.);
#124=FACE_OUTER_BOUND('',#207,.T.);
#125=FACE_OUTER_BOUND('',#208,.T.);
#126=FACE_OUTER_BOUND('',#209,.T.);
#127=FACE_OUTER_BOUND('',#210,.T.);
#128=FACE_OUTER_BOUND('',#211,.T.);
#129=FACE_OUTER_BOUND('',#212,.T.);
#130=FACE_OUTER_BOUND('',#213,.T.);
#131=FACE_OUTER_BOUND('',#214,.T.);
#132=FACE_OUTER_BOUND('',#215,.T.);
#133=FACE_OUTER_BOUND('',#216,.T.);
#134=FACE_OUTER_BOUND('',#217,.T.);
#135=FACE_OUTER_BOUND('',#218,.T.);
#136=FACE_OUTER_BOUND('',#219,.T.);
#137=FACE_OUTER_BOUND('',#223,.T.);
#138=FACE_OUTER_BOUND('',#224,.T.);
#139=FACE_OUTER_BOUND('',#225,.T.);
#140=FACE_OUTER_BOUND('',#226,.T.);
#141=FACE_OUTER_BOUND('',#227,.T.);
#142=FACE_OUTER_BOUND('',#228,.T.);
#143=FACE_OUTER_BOUND('',#229,.T.);
#144=FACE_OUTER_BOUND('',#230,.T.);
#145=FACE_OUTER_BOUND('',#231,.T.);
#146=FACE_OUTER_BOUND('',#233,.T.);
#147=FACE_OUTER_BOUND('',#234,.T.);
#148=FACE_OUTER_BOUND('',#235,.T.);
#149=FACE_OUTER_BOUND('',#236,.T.);
#150=FACE_OUTER_BOUND('',#237,.T.);
#151=FACE_OUTER_BOUND('',#238,.T.);
#152=FACE_OUTER_BOUND('',#239,.T.);
#153=FACE_OUTER_BOUND('',#240,.T.);
#154=FACE_OUTER_BOUND('',#241,.T.);
#155=FACE_OUTER_BOUND('',#242,.T.);
#156=FACE_OUTER_BOUND('',#243,.T.);
#157=FACE_OUTER_BOUND('',#244,.T.);
#158=FACE_OUTER_BOUND('',#245,.T.);
#159=FACE_OUTER_BOUND('',#246,.T.);
#160=FACE_OUTER_BOUND('',#247,.T.);
#161=FACE_OUTER_BOUND('',#248,.T.);
#162=FACE_OUTER_BOUND('',#254,.T.);
#163=FACE_OUTER_BOUND('',#255,.T.);
#164=FACE_OUTER_BOUND('',#256,.T.);
#165=FACE_OUTER_BOUND('',#257,.T.);
#166=EDGE_LOOP('',(#810,#811,#812,#813));
#167=EDGE_LOOP('',(#814));
#168=EDGE_LOOP('',(#815,#816,#817,#818));
#169=EDGE_LOOP('',(#819));
#170=EDGE_LOOP('',(#820,#821,#822,#823));
#171=EDGE_LOOP('',(#824));
#172=EDGE_LOOP('',(#825,#826,#827,#828));
#173=EDGE_LOOP('',(#829));
#174=EDGE_LOOP('',(#830));
#175=EDGE_LOOP('',(#831,#832,#833,#834));
#176=EDGE_LOOP('',(#835));
#177=EDGE_LOOP('',(#836));
#178=EDGE_LOOP('',(#837,#838,#839,#840));
#179=EDGE_LOOP('',(#841));
#180=EDGE_LOOP('',(#842));
#181=EDGE_LOOP('',(#843,#844,#845,#846));
#182=EDGE_LOOP('',(#847,#848,#849,#850,#851,#852,#853,#854));
#183=EDGE_LOOP('',(#855,#856,#857,#858,#859,#860,#861,#862));
#184=EDGE_LOOP('',(#863));
#185=EDGE_LOOP('',(#864,#865,#866));
#186=EDGE_LOOP('',(#867));
#187=EDGE_LOOP('',(#868));
#188=EDGE_LOOP('',(#869,#870,#871));
#189=EDGE_LOOP('',(#872,#873,#874,#875));
#190=EDGE_LOOP('',(#876,#877,#878,#879));
#191=EDGE_LOOP('',(#880,#881,#882,#883));
#192=EDGE_LOOP('',(#884,#885,#886,#887));
#193=EDGE_LOOP('',(#888,#889,#890,#891));
#194=EDGE_LOOP('',(#892));
#195=EDGE_LOOP('',(#893,#894,#895));
#196=EDGE_LOOP('',(#896,#897,#898,#899));
#197=EDGE_LOOP('',(#900,#901,#902,#903));
#198=EDGE_LOOP('',(#904,#905,#906,#907));
#199=EDGE_LOOP('',(#908,#909,#910,#911));
#200=EDGE_LOOP('',(#912,#913,#914,#915));
#201=EDGE_LOOP('',(#916,#917,#918,#919));
#202=EDGE_LOOP('',(#920));
#203=EDGE_LOOP('',(#921,#922,#923,#924));
#204=EDGE_LOOP('',(#925));
#205=EDGE_LOOP('',(#926,#927,#928,#929));
#206=EDGE_LOOP('',(#930));
#207=EDGE_LOOP('',(#931,#932,#933,#934));
#208=EDGE_LOOP('',(#935));
#209=EDGE_LOOP('',(#936,#937,#938,#939));
#210=EDGE_LOOP('',(#940,#941,#942,#943));
#211=EDGE_LOOP('',(#944,#945,#946,#947,#948,#949));
#212=EDGE_LOOP('',(#950,#951,#952,#953));
#213=EDGE_LOOP('',(#954,#955,#956,#957));
#214=EDGE_LOOP('',(#958,#959,#960,#961,#962,#963));
#215=EDGE_LOOP('',(#964,#965,#966,#967,#968,#969));
#216=EDGE_LOOP('',(#970,#971,#972,#973));
#217=EDGE_LOOP('',(#974,#975,#976,#977));
#218=EDGE_LOOP('',(#978,#979,#980,#981));
#219=EDGE_LOOP('',(#982,#983,#984,#985));
#220=EDGE_LOOP('',(#986,#987,#988,#989));
#221=EDGE_LOOP('',(#990));
#222=EDGE_LOOP('',(#991));
#223=EDGE_LOOP('',(#992,#993,#994,#995));
#224=EDGE_LOOP('',(#996,#997,#998,#999));
#225=EDGE_LOOP('',(#1000,#1001,#1002,#1003));
#226=EDGE_LOOP('',(#1004,#1005,#1006,#1007));
#227=EDGE_LOOP('',(#1008,#1009,#1010,#1011));
#228=EDGE_LOOP('',(#1012,#1013,#1014,#1015));
#229=EDGE_LOOP('',(#1016,#1017,#1018,#1019));
#230=EDGE_LOOP('',(#1020,#1021,#1022,#1023));
#231=EDGE_LOOP('',(#1024,#1025,#1026,#1027,#1028,#1029,#1030,#1031));
#232=EDGE_LOOP('',(#1032,#1033,#1034,#1035));
#233=EDGE_LOOP('',(#1036,#1037,#1038,#1039));
#234=EDGE_LOOP('',(#1040,#1041,#1042,#1043));
#235=EDGE_LOOP('',(#1044,#1045,#1046,#1047));
#236=EDGE_LOOP('',(#1048,#1049,#1050,#1051));
#237=EDGE_LOOP('',(#1052,#1053,#1054,#1055));
#238=EDGE_LOOP('',(#1056,#1057,#1058,#1059));
#239=EDGE_LOOP('',(#1060,#1061,#1062,#1063));
#240=EDGE_LOOP('',(#1064,#1065,#1066,#1067));
#241=EDGE_LOOP('',(#1068,#1069,#1070,#1071));
#242=EDGE_LOOP('',(#1072,#1073,#1074,#1075));
#243=EDGE_LOOP('',(#1076,#1077,#1078,#1079));
#244=EDGE_LOOP('',(#1080,#1081,#1082,#1083));
#245=EDGE_LOOP('',(#1084,#1085,#1086,#1087));
#246=EDGE_LOOP('',(#1088,#1089,#1090,#1091));
#247=EDGE_LOOP('',(#1092,#1093,#1094,#1095));
#248=EDGE_LOOP('',(#1096,#1097,#1098,#1099,#1100,#1101,#1102,#1103,#1104,
#1105,#1106,#1107,#1108,#1109,#1110,#1111));
#249=EDGE_LOOP('',(#1112,#1113,#1114,#1115,#1116,#1117,#1118,#1119));
#250=EDGE_LOOP('',(#1120));
#251=EDGE_LOOP('',(#1121));
#252=EDGE_LOOP('',(#1122));
#253=EDGE_LOOP('',(#1123));
#254=EDGE_LOOP('',(#1124));
#255=EDGE_LOOP('',(#1125));
#256=EDGE_LOOP('',(#1126,#1127,#1128));
#257=EDGE_LOOP('',(#1129,#1130,#1131,#1132,#1133,#1134,#1135,#1136));
#258=EDGE_LOOP('',(#1137));
#259=EDGE_LOOP('',(#1138));
#260=EDGE_LOOP('',(#1139));
#261=EDGE_LOOP('',(#1140,#1141));
#262=EDGE_LOOP('',(#1142));
#263=EDGE_LOOP('',(#1143));
#264=EDGE_LOOP('',(#1144,#1145,#1146,#1147));
#265=LINE('',#1775,#364);
#266=LINE('',#1782,#365);
#267=LINE('',#1789,#366);
#268=LINE('',#1796,#367);
#269=LINE('',#1803,#368);
#270=LINE('',#1810,#369);
#271=LINE('',#1818,#370);
#272=LINE('',#1821,#371);
#273=LINE('',#1824,#372);
#274=LINE('',#1826,#373);
#275=LINE('',#1828,#374);
#276=LINE('',#1830,#375);
#277=LINE('',#1832,#376);
#278=LINE('',#1834,#377);
#279=LINE('',#1835,#378);
#280=LINE('',#1838,#379);
#281=LINE('',#1842,#380);
#282=LINE('',#1846,#381);
#283=LINE('',#1852,#382);
#284=LINE('',#1854,#383);
#285=LINE('',#1891,#384);
#286=LINE('',#1893,#385);
#287=LINE('',#1926,#386);
#288=LINE('',#1930,#387);
#289=LINE('',#1931,#388);
#290=LINE('',#1934,#389);
#291=LINE('',#1938,#390);
#292=LINE('',#1939,#391);
#293=LINE('',#1942,#392);
#294=LINE('',#1950,#393);
#295=LINE('',#2091,#394);
#296=LINE('',#2093,#395);
#297=LINE('',#2094,#396);
#298=LINE('',#2155,#397);
#299=LINE('',#2159,#398);
#300=LINE('',#2160,#399);
#301=LINE('',#2161,#400);
#302=LINE('',#2164,#401);
#303=LINE('',#2168,#402);
#304=LINE('',#2305,#403);
#305=LINE('',#2307,#404);
#306=LINE('',#2309,#405);
#307=LINE('',#2310,#406);
#308=LINE('',#2315,#407);
#309=LINE('',#2320,#408);
#310=LINE('',#2322,#409);
#311=LINE('',#2324,#410);
#312=LINE('',#2326,#411);
#313=LINE('',#2328,#412);
#314=LINE('',#2329,#413);
#315=LINE('',#2334,#414);
#316=LINE('',#2340,#415);
#317=LINE('',#2345,#416);
#318=LINE('',#2346,#417);
#319=LINE('',#2348,#418);
#320=LINE('',#2350,#419);
#321=LINE('',#2351,#420);
#322=LINE('',#2354,#421);
#323=LINE('',#2356,#422);
#324=LINE('',#2358,#423);
#325=LINE('',#2360,#424);
#326=LINE('',#2361,#425);
#327=LINE('',#2363,#426);
#328=LINE('',#2364,#427);
#329=LINE('',#2370,#428);
#330=LINE('',#2372,#429);
#331=LINE('',#2373,#430);
#332=LINE('',#2473,#431);
#333=LINE('',#2475,#432);
#334=LINE('',#2477,#433);
#335=LINE('',#2480,#434);
#336=LINE('',#2486,#435);
#337=LINE('',#2490,#436);
#338=LINE('',#2494,#437);
#339=LINE('',#2497,#438);
#340=LINE('',#2500,#439);
#341=LINE('',#2503,#440);
#342=LINE('',#2506,#441);
#343=LINE('',#2507,#442);
#344=LINE('',#2510,#443);
#345=LINE('',#2514,#444);
#346=LINE('',#2515,#445);
#347=LINE('',#2518,#446);
#348=LINE('',#2519,#447);
#349=LINE('',#2523,#448);
#350=LINE('',#2526,#449);
#351=LINE('',#2527,#450);
#352=LINE('',#2535,#451);
#353=LINE('',#2538,#452);
#354=LINE('',#2540,#453);
#355=LINE('',#2541,#454);
#356=LINE('',#2547,#455);
#357=LINE('',#2550,#456);
#358=LINE('',#2552,#457);
#359=LINE('',#2553,#458);
#360=LINE('',#2559,#459);
#361=LINE('',#2562,#460);
#362=LINE('',#2564,#461);
#363=LINE('',#2565,#462);
#364=VECTOR('',#1405,0.600000000000005);
#365=VECTOR('',#1414,0.600000000000005);
#366=VECTOR('',#1423,0.600000000000005);
#367=VECTOR('',#1432,1.6);
#368=VECTOR('',#1441,1.6);
#369=VECTOR('',#1450,1.6);
#370=VECTOR('',#1459,10.);
#371=VECTOR('',#1462,10.);
#372=VECTOR('',#1465,10.);
#373=VECTOR('',#1466,10.);
#374=VECTOR('',#1467,10.);
#375=VECTOR('',#1468,10.);
#376=VECTOR('',#1469,10.);
#377=VECTOR('',#1470,10.);
#378=VECTOR('',#1471,10.);
#379=VECTOR('',#1474,10.);
#380=VECTOR('',#1477,10.);
#381=VECTOR('',#1480,10.);
#382=VECTOR('',#1485,10.);
#383=VECTOR('',#1486,10.);
#384=VECTOR('',#1491,10.);
#385=VECTOR('',#1492,10.);
#386=VECTOR('',#1495,10.);
#387=VECTOR('',#1500,10.);
#388=VECTOR('',#1501,10.);
#389=VECTOR('',#1504,10.);
#390=VECTOR('',#1509,10.);
#391=VECTOR('',#1510,10.);
#392=VECTOR('',#1513,10.);
#393=VECTOR('',#1522,10.);
#394=VECTOR('',#1523,10.);
#395=VECTOR('',#1526,10.);
#396=VECTOR('',#1527,10.);
#397=VECTOR('',#1528,10.);
#398=VECTOR('',#1531,10.);
#399=VECTOR('',#1532,10.);
#400=VECTOR('',#1533,10.);
#401=VECTOR('',#1536,2.68615967850108);
#402=VECTOR('',#1541,2.68615967850108);
#403=VECTOR('',#1578,10.);
#404=VECTOR('',#1579,10.);
#405=VECTOR('',#1580,10.);
#406=VECTOR('',#1581,10.);
#407=VECTOR('',#1586,10.);
#408=VECTOR('',#1591,10.);
#409=VECTOR('',#1592,10.);
#410=VECTOR('',#1593,10.);
#411=VECTOR('',#1594,10.);
#412=VECTOR('',#1595,10.);
#413=VECTOR('',#1596,10.);
#414=VECTOR('',#1601,5.08032993973976);
#415=VECTOR('',#1608,5.52293194908027);
#416=VECTOR('',#1613,10.);
#417=VECTOR('',#1614,10.);
#418=VECTOR('',#1615,10.);
#419=VECTOR('',#1616,10.);
#420=VECTOR('',#1617,10.);
#421=VECTOR('',#1620,10.);
#422=VECTOR('',#1621,10.);
#423=VECTOR('',#1622,10.);
#424=VECTOR('',#1623,10.);
#425=VECTOR('',#1624,10.);
#426=VECTOR('',#1627,10.);
#427=VECTOR('',#1628,10.);
#428=VECTOR('',#1635,10.);
#429=VECTOR('',#1638,10.);
#430=VECTOR('',#1639,10.);
#431=VECTOR('',#1656,10.);
#432=VECTOR('',#1659,10.);
#433=VECTOR('',#1662,2.24378093370795);
#434=VECTOR('',#1667,10.);
#435=VECTOR('',#1672,10.);
#436=VECTOR('',#1675,10.);
#437=VECTOR('',#1678,10.);
#438=VECTOR('',#1681,10.);
#439=VECTOR('',#1684,10.);
#440=VECTOR('',#1687,10.);
#441=VECTOR('',#1690,10.);
#442=VECTOR('',#1691,10.);
#443=VECTOR('',#1694,10.);
#444=VECTOR('',#1699,10.);
#445=VECTOR('',#1700,10.);
#446=VECTOR('',#1703,10.);
#447=VECTOR('',#1704,10.);
#448=VECTOR('',#1709,10.);
#449=VECTOR('',#1712,10.);
#450=VECTOR('',#1713,10.);
#451=VECTOR('',#1724,10.);
#452=VECTOR('',#1727,10.);
#453=VECTOR('',#1728,10.);
#454=VECTOR('',#1729,10.);
#455=VECTOR('',#1736,10.);
#456=VECTOR('',#1739,10.);
#457=VECTOR('',#1740,10.);
#458=VECTOR('',#1741,10.);
#459=VECTOR('',#1748,10.);
#460=VECTOR('',#1751,10.);
#461=VECTOR('',#1752,10.);
#462=VECTOR('',#1753,10.);
#463=CIRCLE('',#1265,0.600000000000005);
#464=CIRCLE('',#1266,0.600000000000005);
#465=CIRCLE('',#1269,0.600000000000005);
#466=CIRCLE('',#1270,0.600000000000005);
#467=CIRCLE('',#1273,0.600000000000005);
#468=CIRCLE('',#1274,0.600000000000005);
#469=CIRCLE('',#1277,1.6);
#470=CIRCLE('',#1278,1.6);
#471=CIRCLE('',#1281,1.6);
#472=CIRCLE('',#1282,1.6);
#473=CIRCLE('',#1285,1.6);
#474=CIRCLE('',#1286,1.6);
#475=CIRCLE('',#1289,0.5);
#476=CIRCLE('',#1290,0.5);
#477=CIRCLE('',#1293,1.);
#478=CIRCLE('',#1294,1.);
#479=CIRCLE('',#1295,0.5);
#480=CIRCLE('',#1296,2.68615967850108);
#481=CIRCLE('',#1297,2.68615967850108);
#482=CIRCLE('',#1298,2.24378093370795);
#483=CIRCLE('',#1300,0.5);
#484=CIRCLE('',#1303,1.);
#485=CIRCLE('',#1306,1.);
#486=CIRCLE('',#1308,2.24378093370795);
#487=CIRCLE('',#1313,2.68615967850108);
#488=CIRCLE('',#1315,2.68615967850108);
#489=CIRCLE('',#1316,1.49999999999999);
#490=CIRCLE('',#1317,1.);
#491=CIRCLE('',#1318,0.546060798583046);
#492=CIRCLE('',#1320,1.49999999999999);
#493=CIRCLE('',#1321,1.);
#494=CIRCLE('',#1322,0.546060798583046);
#495=CIRCLE('',#1324,1.49999999999999);
#496=CIRCLE('',#1325,1.);
#497=CIRCLE('',#1326,0.546060798583046);
#498=CIRCLE('',#1328,1.49999999999999);
#499=CIRCLE('',#1329,1.);
#500=CIRCLE('',#1330,0.546060798583046);
#501=CIRCLE('',#1334,8.21873315472899);
#502=CIRCLE('',#1335,8.21873315472899);
#503=CIRCLE('',#1338,5.08032993973976);
#504=CIRCLE('',#1339,5.08032993973976);
#505=CIRCLE('',#1341,5.52293194908027);
#506=CIRCLE('',#1342,5.52293194908027);
#507=CIRCLE('',#1347,8.21873315472899);
#508=CIRCLE('',#1348,8.21873315472899);
#509=CIRCLE('',#1352,7.58100269363444);
#510=CIRCLE('',#1353,7.58100269363444);
#511=CIRCLE('',#1355,14.4244920850702);
#512=CIRCLE('',#1356,14.4244920850702);
#513=CIRCLE('',#1363,1.);
#514=CIRCLE('',#1364,0.999999999999996);
#515=CIRCLE('',#1365,1.);
#516=CIRCLE('',#1366,0.999999999999988);
#517=CIRCLE('',#1368,1.);
#518=CIRCLE('',#1371,0.999999999999996);
#519=CIRCLE('',#1375,0.999999999999988);
#520=CIRCLE('',#1378,1.);
#521=CIRCLE('',#1380,5.);
#522=CIRCLE('',#1381,5.);
#523=CIRCLE('',#1384,5.);
#524=CIRCLE('',#1385,5.);
#525=CIRCLE('',#1388,5.00000000000001);
#526=CIRCLE('',#1389,5.00000000000001);
#527=CIRCLE('',#1392,5.00000000000001);
#528=CIRCLE('',#1393,5.00000000000001);
#529=VERTEX_POINT('',#1772);
#530=VERTEX_POINT('',#1774);
#531=VERTEX_POINT('',#1779);
#532=VERTEX_POINT('',#1781);
#533=VERTEX_POINT('',#1786);
#534=VERTEX_POINT('',#1788);
#535=VERTEX_POINT('',#1793);
#536=VERTEX_POINT('',#1795);
#537=VERTEX_POINT('',#1800);
#538=VERTEX_POINT('',#1802);
#539=VERTEX_POINT('',#1807);
#540=VERTEX_POINT('',#1809);
#541=VERTEX_POINT('',#1814);
#542=VERTEX_POINT('',#1815);
#543=VERTEX_POINT('',#1817);
#544=VERTEX_POINT('',#1819);
#545=VERTEX_POINT('',#1823);
#546=VERTEX_POINT('',#1825);
#547=VERTEX_POINT('',#1827);
#548=VERTEX_POINT('',#1829);
#549=VERTEX_POINT('',#1831);
#550=VERTEX_POINT('',#1833);
#551=VERTEX_POINT('',#1837);
#552=VERTEX_POINT('',#1839);
#553=VERTEX_POINT('',#1841);
#554=VERTEX_POINT('',#1843);
#555=VERTEX_POINT('',#1845);
#556=VERTEX_POINT('',#1848);
#557=VERTEX_POINT('',#1850);
#558=VERTEX_POINT('',#1851);
#559=VERTEX_POINT('',#1853);
#560=VERTEX_POINT('',#1885);
#561=VERTEX_POINT('',#1887);
#562=VERTEX_POINT('',#1889);
#563=VERTEX_POINT('',#1890);
#564=VERTEX_POINT('',#1892);
#565=VERTEX_POINT('',#1925);
#566=VERTEX_POINT('',#1929);
#567=VERTEX_POINT('',#1933);
#568=VERTEX_POINT('',#1937);
#569=VERTEX_POINT('',#1941);
#570=VERTEX_POINT('',#1945);
#571=VERTEX_POINT('',#1948);
#572=VERTEX_POINT('',#1949);
#573=VERTEX_POINT('',#1951);
#574=VERTEX_POINT('',#2157);
#575=VERTEX_POINT('',#2158);
#576=VERTEX_POINT('',#2163);
#577=VERTEX_POINT('',#2167);
#578=VERTEX_POINT('',#2197);
#579=VERTEX_POINT('',#2199);
#580=VERTEX_POINT('',#2230);
#581=VERTEX_POINT('',#2232);
#582=VERTEX_POINT('',#2263);
#583=VERTEX_POINT('',#2265);
#584=VERTEX_POINT('',#2296);
#585=VERTEX_POINT('',#2298);
#586=VERTEX_POINT('',#2303);
#587=VERTEX_POINT('',#2304);
#588=VERTEX_POINT('',#2306);
#589=VERTEX_POINT('',#2308);
#590=VERTEX_POINT('',#2312);
#591=VERTEX_POINT('',#2314);
#592=VERTEX_POINT('',#2318);
#593=VERTEX_POINT('',#2319);
#594=VERTEX_POINT('',#2321);
#595=VERTEX_POINT('',#2323);
#596=VERTEX_POINT('',#2325);
#597=VERTEX_POINT('',#2327);
#598=VERTEX_POINT('',#2331);
#599=VERTEX_POINT('',#2333);
#600=VERTEX_POINT('',#2337);
#601=VERTEX_POINT('',#2339);
#602=VERTEX_POINT('',#2343);
#603=VERTEX_POINT('',#2344);
#604=VERTEX_POINT('',#2347);
#605=VERTEX_POINT('',#2349);
#606=VERTEX_POINT('',#2353);
#607=VERTEX_POINT('',#2355);
#608=VERTEX_POINT('',#2357);
#609=VERTEX_POINT('',#2359);
#610=VERTEX_POINT('',#2366);
#611=VERTEX_POINT('',#2368);
#612=VERTEX_POINT('',#2442);
#613=VERTEX_POINT('',#2482);
#614=VERTEX_POINT('',#2483);
#615=VERTEX_POINT('',#2485);
#616=VERTEX_POINT('',#2487);
#617=VERTEX_POINT('',#2489);
#618=VERTEX_POINT('',#2491);
#619=VERTEX_POINT('',#2493);
#620=VERTEX_POINT('',#2495);
#621=VERTEX_POINT('',#2499);
#622=VERTEX_POINT('',#2501);
#623=VERTEX_POINT('',#2505);
#624=VERTEX_POINT('',#2509);
#625=VERTEX_POINT('',#2513);
#626=VERTEX_POINT('',#2517);
#627=VERTEX_POINT('',#2521);
#628=VERTEX_POINT('',#2525);
#629=VERTEX_POINT('',#2531);
#630=VERTEX_POINT('',#2533);
#631=VERTEX_POINT('',#2537);
#632=VERTEX_POINT('',#2539);
#633=VERTEX_POINT('',#2543);
#634=VERTEX_POINT('',#2545);
#635=VERTEX_POINT('',#2549);
#636=VERTEX_POINT('',#2551);
#637=VERTEX_POINT('',#2555);
#638=VERTEX_POINT('',#2557);
#639=VERTEX_POINT('',#2561);
#640=VERTEX_POINT('',#2563);
#641=EDGE_CURVE('',#529,#529,#463,.T.);
#642=EDGE_CURVE('',#529,#530,#265,.T.);
#643=EDGE_CURVE('',#530,#530,#464,.T.);
#644=EDGE_CURVE('',#531,#531,#465,.T.);
#645=EDGE_CURVE('',#531,#532,#266,.T.);
#646=EDGE_CURVE('',#532,#532,#466,.T.);
#647=EDGE_CURVE('',#533,#533,#467,.T.);
#648=EDGE_CURVE('',#533,#534,#267,.T.);
#649=EDGE_CURVE('',#534,#534,#468,.T.);
#650=EDGE_CURVE('',#535,#535,#469,.T.);
#651=EDGE_CURVE('',#535,#536,#268,.T.);
#652=EDGE_CURVE('',#536,#536,#470,.T.);
#653=EDGE_CURVE('',#537,#537,#471,.T.);
#654=EDGE_CURVE('',#537,#538,#269,.T.);
#655=EDGE_CURVE('',#538,#538,#472,.T.);
#656=EDGE_CURVE('',#539,#539,#473,.T.);
#657=EDGE_CURVE('',#539,#540,#270,.T.);
#658=EDGE_CURVE('',#540,#540,#474,.T.);
#659=EDGE_CURVE('',#541,#542,#475,.T.);
#660=EDGE_CURVE('',#542,#543,#271,.T.);
#661=EDGE_CURVE('',#543,#544,#476,.F.);
#662=EDGE_CURVE('',#544,#541,#272,.T.);
#663=EDGE_CURVE('',#543,#545,#273,.T.);
#664=EDGE_CURVE('',#546,#542,#274,.T.);
#665=EDGE_CURVE('',#547,#546,#275,.T.);
#666=EDGE_CURVE('',#548,#547,#276,.T.);
#667=EDGE_CURVE('',#549,#548,#277,.T.);
#668=EDGE_CURVE('',#550,#549,#278,.T.);
#669=EDGE_CURVE('',#550,#545,#279,.T.);
#670=EDGE_CURVE('',#541,#551,#280,.T.);
#671=EDGE_CURVE('',#552,#551,#477,.T.);
#672=EDGE_CURVE('',#552,#553,#281,.T.);
#673=EDGE_CURVE('',#554,#553,#478,.T.);
#674=EDGE_CURVE('',#554,#555,#282,.T.);
#675=EDGE_CURVE('',#546,#555,#479,.T.);
#676=EDGE_CURVE('',#556,#556,#480,.T.);
#677=EDGE_CURVE('',#557,#558,#283,.T.);
#678=EDGE_CURVE('',#558,#559,#284,.T.);
#679=EDGE_CURVE('',#559,#557,#22,.T.);
#680=EDGE_CURVE('',#560,#560,#481,.T.);
#681=EDGE_CURVE('',#561,#561,#482,.T.);
#682=EDGE_CURVE('',#562,#563,#285,.T.);
#683=EDGE_CURVE('',#563,#564,#286,.T.);
#684=EDGE_CURVE('',#564,#562,#23,.T.);
#685=EDGE_CURVE('',#555,#565,#287,.T.);
#686=EDGE_CURVE('',#565,#547,#483,.F.);
#687=EDGE_CURVE('',#566,#554,#288,.T.);
#688=EDGE_CURVE('',#565,#566,#289,.T.);
#689=EDGE_CURVE('',#553,#567,#290,.T.);
#690=EDGE_CURVE('',#567,#566,#484,.F.);
#691=EDGE_CURVE('',#568,#552,#291,.T.);
#692=EDGE_CURVE('',#567,#568,#292,.T.);
#693=EDGE_CURVE('',#551,#569,#293,.T.);
#694=EDGE_CURVE('',#569,#568,#485,.F.);
#695=EDGE_CURVE('',#570,#570,#486,.T.);
#696=EDGE_CURVE('',#571,#572,#294,.T.);
#697=EDGE_CURVE('',#573,#571,#21,.T.);
#698=EDGE_CURVE('',#572,#573,#295,.T.);
#699=EDGE_CURVE('',#573,#559,#296,.T.);
#700=EDGE_CURVE('',#572,#558,#297,.T.);
#701=EDGE_CURVE('',#571,#557,#298,.T.);
#702=EDGE_CURVE('',#574,#575,#299,.T.);
#703=EDGE_CURVE('',#574,#563,#300,.T.);
#704=EDGE_CURVE('',#575,#562,#301,.T.);
#705=EDGE_CURVE('',#556,#576,#302,.T.);
#706=EDGE_CURVE('',#576,#576,#487,.T.);
#707=EDGE_CURVE('',#560,#577,#303,.T.);
#708=EDGE_CURVE('',#577,#577,#488,.T.);
#709=EDGE_CURVE('',#578,#578,#489,.T.);
#710=EDGE_CURVE('',#578,#579,#490,.T.);
#711=EDGE_CURVE('',#579,#579,#491,.T.);
#712=EDGE_CURVE('',#580,#580,#492,.T.);
#713=EDGE_CURVE('',#580,#581,#493,.T.);
#714=EDGE_CURVE('',#581,#581,#494,.T.);
#715=EDGE_CURVE('',#582,#582,#495,.T.);
#716=EDGE_CURVE('',#582,#583,#496,.T.);
#717=EDGE_CURVE('',#583,#583,#497,.T.);
#718=EDGE_CURVE('',#584,#584,#498,.T.);
#719=EDGE_CURVE('',#584,#585,#499,.T.);
#720=EDGE_CURVE('',#585,#585,#500,.T.);
#721=EDGE_CURVE('',#586,#587,#304,.T.);
#722=EDGE_CURVE('',#586,#588,#305,.T.);
#723=EDGE_CURVE('',#589,#588,#306,.T.);
#724=EDGE_CURVE('',#587,#589,#307,.T.);
#725=EDGE_CURVE('',#590,#586,#501,.T.);
#726=EDGE_CURVE('',#590,#591,#308,.T.);
#727=EDGE_CURVE('',#588,#591,#502,.T.);
#728=EDGE_CURVE('',#592,#593,#309,.T.);
#729=EDGE_CURVE('',#594,#592,#310,.T.);
#730=EDGE_CURVE('',#594,#595,#311,.T.);
#731=EDGE_CURVE('',#595,#596,#312,.T.);
#732=EDGE_CURVE('',#597,#596,#313,.T.);
#733=EDGE_CURVE('',#593,#597,#314,.T.);
#734=EDGE_CURVE('',#598,#598,#503,.T.);
#735=EDGE_CURVE('',#598,#599,#315,.T.);
#736=EDGE_CURVE('',#599,#599,#504,.T.);
#737=EDGE_CURVE('',#600,#600,#505,.T.);
#738=EDGE_CURVE('',#600,#601,#316,.T.);
#739=EDGE_CURVE('',#601,#601,#506,.T.);
#740=EDGE_CURVE('',#602,#603,#317,.T.);
#741=EDGE_CURVE('',#603,#593,#318,.T.);
#742=EDGE_CURVE('',#604,#597,#319,.T.);
#743=EDGE_CURVE('',#605,#604,#320,.T.);
#744=EDGE_CURVE('',#602,#605,#321,.T.);
#745=EDGE_CURVE('',#605,#606,#322,.T.);
#746=EDGE_CURVE('',#607,#604,#323,.T.);
#747=EDGE_CURVE('',#608,#607,#324,.T.);
#748=EDGE_CURVE('',#608,#609,#325,.T.);
#749=EDGE_CURVE('',#609,#606,#326,.T.);
#750=EDGE_CURVE('',#595,#608,#327,.T.);
#751=EDGE_CURVE('',#596,#607,#328,.T.);
#752=EDGE_CURVE('',#587,#610,#507,.T.);
#753=EDGE_CURVE('',#611,#589,#508,.T.);
#754=EDGE_CURVE('',#610,#611,#329,.T.);
#755=EDGE_CURVE('',#610,#590,#330,.T.);
#756=EDGE_CURVE('',#591,#611,#331,.T.);
#757=EDGE_CURVE('',#602,#603,#509,.T.);
#758=EDGE_CURVE('',#593,#605,#510,.T.);
#759=EDGE_CURVE('',#594,#609,#511,.T.);
#760=EDGE_CURVE('',#606,#592,#512,.T.);
#761=EDGE_CURVE('',#575,#612,#24,.T.);
#762=EDGE_CURVE('',#612,#564,#332,.T.);
#763=EDGE_CURVE('',#612,#574,#333,.T.);
#764=EDGE_CURVE('',#561,#570,#334,.T.);
#765=EDGE_CURVE('',#569,#544,#335,.T.);
#766=EDGE_CURVE('',#613,#614,#513,.T.);
#767=EDGE_CURVE('',#615,#613,#336,.T.);
#768=EDGE_CURVE('',#616,#615,#514,.T.);
#769=EDGE_CURVE('',#617,#616,#337,.T.);
#770=EDGE_CURVE('',#618,#617,#515,.T.);
#771=EDGE_CURVE('',#619,#618,#338,.T.);
#772=EDGE_CURVE('',#620,#619,#516,.T.);
#773=EDGE_CURVE('',#614,#620,#339,.T.);
#774=EDGE_CURVE('',#617,#621,#340,.T.);
#775=EDGE_CURVE('',#622,#621,#517,.T.);
#776=EDGE_CURVE('',#618,#622,#341,.T.);
#777=EDGE_CURVE('',#616,#623,#342,.T.);
#778=EDGE_CURVE('',#621,#623,#343,.T.);
#779=EDGE_CURVE('',#615,#624,#344,.T.);
#780=EDGE_CURVE('',#623,#624,#518,.T.);
#781=EDGE_CURVE('',#613,#625,#345,.T.);
#782=EDGE_CURVE('',#624,#625,#346,.T.);
#783=EDGE_CURVE('',#626,#622,#347,.T.);
#784=EDGE_CURVE('',#619,#626,#348,.T.);
#785=EDGE_CURVE('',#627,#626,#519,.T.);
#786=EDGE_CURVE('',#620,#627,#349,.T.);
#787=EDGE_CURVE('',#628,#627,#350,.T.);
#788=EDGE_CURVE('',#614,#628,#351,.T.);
#789=EDGE_CURVE('',#625,#628,#520,.T.);
#790=EDGE_CURVE('',#629,#549,#521,.T.);
#791=EDGE_CURVE('',#630,#548,#522,.T.);
#792=EDGE_CURVE('',#629,#630,#352,.T.);
#793=EDGE_CURVE('',#629,#631,#353,.T.);
#794=EDGE_CURVE('',#632,#630,#354,.T.);
#795=EDGE_CURVE('',#631,#632,#355,.T.);
#796=EDGE_CURVE('',#633,#631,#523,.T.);
#797=EDGE_CURVE('',#634,#632,#524,.T.);
#798=EDGE_CURVE('',#633,#634,#356,.T.);
#799=EDGE_CURVE('',#633,#635,#357,.T.);
#800=EDGE_CURVE('',#636,#634,#358,.T.);
#801=EDGE_CURVE('',#635,#636,#359,.T.);
#802=EDGE_CURVE('',#637,#635,#525,.T.);
#803=EDGE_CURVE('',#638,#636,#526,.T.);
#804=EDGE_CURVE('',#637,#638,#360,.T.);
#805=EDGE_CURVE('',#637,#639,#361,.T.);
#806=EDGE_CURVE('',#640,#638,#362,.T.);
#807=EDGE_CURVE('',#639,#640,#363,.T.);
#808=EDGE_CURVE('',#550,#639,#527,.T.);
#809=EDGE_CURVE('',#545,#640,#528,.T.);
#810=ORIENTED_EDGE('',*,*,#641,.F.);
#811=ORIENTED_EDGE('',*,*,#642,.T.);
#812=ORIENTED_EDGE('',*,*,#643,.T.);
#813=ORIENTED_EDGE('',*,*,#642,.F.);
#814=ORIENTED_EDGE('',*,*,#643,.F.);
#815=ORIENTED_EDGE('',*,*,#644,.F.);
#816=ORIENTED_EDGE('',*,*,#645,.T.);
#817=ORIENTED_EDGE('',*,*,#646,.T.);
#818=ORIENTED_EDGE('',*,*,#645,.F.);
#819=ORIENTED_EDGE('',*,*,#646,.F.);
#820=ORIENTED_EDGE('',*,*,#647,.F.);
#821=ORIENTED_EDGE('',*,*,#648,.T.);
#822=ORIENTED_EDGE('',*,*,#649,.T.);
#823=ORIENTED_EDGE('',*,*,#648,.F.);
#824=ORIENTED_EDGE('',*,*,#649,.F.);
#825=ORIENTED_EDGE('',*,*,#650,.F.);
#826=ORIENTED_EDGE('',*,*,#651,.T.);
#827=ORIENTED_EDGE('',*,*,#652,.F.);
#828=ORIENTED_EDGE('',*,*,#651,.F.);
#829=ORIENTED_EDGE('',*,*,#650,.T.);
#830=ORIENTED_EDGE('',*,*,#647,.T.);
#831=ORIENTED_EDGE('',*,*,#653,.F.);
#832=ORIENTED_EDGE('',*,*,#654,.T.);
#833=ORIENTED_EDGE('',*,*,#655,.F.);
#834=ORIENTED_EDGE('',*,*,#654,.F.);
#835=ORIENTED_EDGE('',*,*,#653,.T.);
#836=ORIENTED_EDGE('',*,*,#641,.T.);
#837=ORIENTED_EDGE('',*,*,#656,.F.);
#838=ORIENTED_EDGE('',*,*,#657,.T.);
#839=ORIENTED_EDGE('',*,*,#658,.F.);
#840=ORIENTED_EDGE('',*,*,#657,.F.);
#841=ORIENTED_EDGE('',*,*,#656,.T.);
#842=ORIENTED_EDGE('',*,*,#644,.T.);
#843=ORIENTED_EDGE('',*,*,#659,.T.);
#844=ORIENTED_EDGE('',*,*,#660,.T.);
#845=ORIENTED_EDGE('',*,*,#661,.T.);
#846=ORIENTED_EDGE('',*,*,#662,.T.);
#847=ORIENTED_EDGE('',*,*,#663,.F.);
#848=ORIENTED_EDGE('',*,*,#660,.F.);
#849=ORIENTED_EDGE('',*,*,#664,.F.);
#850=ORIENTED_EDGE('',*,*,#665,.F.);
#851=ORIENTED_EDGE('',*,*,#666,.F.);
#852=ORIENTED_EDGE('',*,*,#667,.F.);
#853=ORIENTED_EDGE('',*,*,#668,.F.);
#854=ORIENTED_EDGE('',*,*,#669,.T.);
#855=ORIENTED_EDGE('',*,*,#659,.F.);
#856=ORIENTED_EDGE('',*,*,#670,.T.);
#857=ORIENTED_EDGE('',*,*,#671,.F.);
#858=ORIENTED_EDGE('',*,*,#672,.T.);
#859=ORIENTED_EDGE('',*,*,#673,.F.);
#860=ORIENTED_EDGE('',*,*,#674,.T.);
#861=ORIENTED_EDGE('',*,*,#675,.F.);
#862=ORIENTED_EDGE('',*,*,#664,.T.);
#863=ORIENTED_EDGE('',*,*,#676,.T.);
#864=ORIENTED_EDGE('',*,*,#677,.T.);
#865=ORIENTED_EDGE('',*,*,#678,.T.);
#866=ORIENTED_EDGE('',*,*,#679,.T.);
#867=ORIENTED_EDGE('',*,*,#680,.T.);
#868=ORIENTED_EDGE('',*,*,#681,.T.);
#869=ORIENTED_EDGE('',*,*,#682,.T.);
#870=ORIENTED_EDGE('',*,*,#683,.T.);
#871=ORIENTED_EDGE('',*,*,#684,.T.);
#872=ORIENTED_EDGE('',*,*,#675,.T.);
#873=ORIENTED_EDGE('',*,*,#685,.T.);
#874=ORIENTED_EDGE('',*,*,#686,.T.);
#875=ORIENTED_EDGE('',*,*,#665,.T.);
#876=ORIENTED_EDGE('',*,*,#685,.F.);
#877=ORIENTED_EDGE('',*,*,#674,.F.);
#878=ORIENTED_EDGE('',*,*,#687,.F.);
#879=ORIENTED_EDGE('',*,*,#688,.F.);
#880=ORIENTED_EDGE('',*,*,#673,.T.);
#881=ORIENTED_EDGE('',*,*,#689,.T.);
#882=ORIENTED_EDGE('',*,*,#690,.T.);
#883=ORIENTED_EDGE('',*,*,#687,.T.);
#884=ORIENTED_EDGE('',*,*,#689,.F.);
#885=ORIENTED_EDGE('',*,*,#672,.F.);
#886=ORIENTED_EDGE('',*,*,#691,.F.);
#887=ORIENTED_EDGE('',*,*,#692,.F.);
#888=ORIENTED_EDGE('',*,*,#671,.T.);
#889=ORIENTED_EDGE('',*,*,#693,.T.);
#890=ORIENTED_EDGE('',*,*,#694,.T.);
#891=ORIENTED_EDGE('',*,*,#691,.T.);
#892=ORIENTED_EDGE('',*,*,#695,.F.);
#893=ORIENTED_EDGE('',*,*,#696,.F.);
#894=ORIENTED_EDGE('',*,*,#697,.F.);
#895=ORIENTED_EDGE('',*,*,#698,.F.);
#896=ORIENTED_EDGE('',*,*,#698,.T.);
#897=ORIENTED_EDGE('',*,*,#699,.T.);
#898=ORIENTED_EDGE('',*,*,#678,.F.);
#899=ORIENTED_EDGE('',*,*,#700,.F.);
#900=ORIENTED_EDGE('',*,*,#697,.T.);
#901=ORIENTED_EDGE('',*,*,#701,.T.);
#902=ORIENTED_EDGE('',*,*,#679,.F.);
#903=ORIENTED_EDGE('',*,*,#699,.F.);
#904=ORIENTED_EDGE('',*,*,#702,.F.);
#905=ORIENTED_EDGE('',*,*,#703,.T.);
#906=ORIENTED_EDGE('',*,*,#682,.F.);
#907=ORIENTED_EDGE('',*,*,#704,.F.);
#908=ORIENTED_EDGE('',*,*,#676,.F.);
#909=ORIENTED_EDGE('',*,*,#705,.T.);
#910=ORIENTED_EDGE('',*,*,#706,.F.);
#911=ORIENTED_EDGE('',*,*,#705,.F.);
#912=ORIENTED_EDGE('',*,*,#680,.F.);
#913=ORIENTED_EDGE('',*,*,#707,.T.);
#914=ORIENTED_EDGE('',*,*,#708,.F.);
#915=ORIENTED_EDGE('',*,*,#707,.F.);
#916=ORIENTED_EDGE('',*,*,#709,.F.);
#917=ORIENTED_EDGE('',*,*,#710,.T.);
#918=ORIENTED_EDGE('',*,*,#711,.T.);
#919=ORIENTED_EDGE('',*,*,#710,.F.);
#920=ORIENTED_EDGE('',*,*,#711,.F.);
#921=ORIENTED_EDGE('',*,*,#712,.F.);
#922=ORIENTED_EDGE('',*,*,#713,.T.);
#923=ORIENTED_EDGE('',*,*,#714,.T.);
#924=ORIENTED_EDGE('',*,*,#713,.F.);
#925=ORIENTED_EDGE('',*,*,#714,.F.);
#926=ORIENTED_EDGE('',*,*,#715,.F.);
#927=ORIENTED_EDGE('',*,*,#716,.T.);
#928=ORIENTED_EDGE('',*,*,#717,.T.);
#929=ORIENTED_EDGE('',*,*,#716,.F.);
#930=ORIENTED_EDGE('',*,*,#717,.F.);
#931=ORIENTED_EDGE('',*,*,#718,.F.);
#932=ORIENTED_EDGE('',*,*,#719,.T.);
#933=ORIENTED_EDGE('',*,*,#720,.T.);
#934=ORIENTED_EDGE('',*,*,#719,.F.);
#935=ORIENTED_EDGE('',*,*,#720,.F.);
#936=ORIENTED_EDGE('',*,*,#721,.F.);
#937=ORIENTED_EDGE('',*,*,#722,.T.);
#938=ORIENTED_EDGE('',*,*,#723,.F.);
#939=ORIENTED_EDGE('',*,*,#724,.F.);
#940=ORIENTED_EDGE('',*,*,#725,.F.);
#941=ORIENTED_EDGE('',*,*,#726,.T.);
#942=ORIENTED_EDGE('',*,*,#727,.F.);
#943=ORIENTED_EDGE('',*,*,#722,.F.);
#944=ORIENTED_EDGE('',*,*,#728,.F.);
#945=ORIENTED_EDGE('',*,*,#729,.F.);
#946=ORIENTED_EDGE('',*,*,#730,.T.);
#947=ORIENTED_EDGE('',*,*,#731,.T.);
#948=ORIENTED_EDGE('',*,*,#732,.F.);
#949=ORIENTED_EDGE('',*,*,#733,.F.);
#950=ORIENTED_EDGE('',*,*,#734,.F.);
#951=ORIENTED_EDGE('',*,*,#735,.T.);
#952=ORIENTED_EDGE('',*,*,#736,.T.);
#953=ORIENTED_EDGE('',*,*,#735,.F.);
#954=ORIENTED_EDGE('',*,*,#737,.F.);
#955=ORIENTED_EDGE('',*,*,#738,.T.);
#956=ORIENTED_EDGE('',*,*,#739,.T.);
#957=ORIENTED_EDGE('',*,*,#738,.F.);
#958=ORIENTED_EDGE('',*,*,#740,.T.);
#959=ORIENTED_EDGE('',*,*,#741,.T.);
#960=ORIENTED_EDGE('',*,*,#733,.T.);
#961=ORIENTED_EDGE('',*,*,#742,.F.);
#962=ORIENTED_EDGE('',*,*,#743,.F.);
#963=ORIENTED_EDGE('',*,*,#744,.F.);
#964=ORIENTED_EDGE('',*,*,#745,.F.);
#965=ORIENTED_EDGE('',*,*,#743,.T.);
#966=ORIENTED_EDGE('',*,*,#746,.F.);
#967=ORIENTED_EDGE('',*,*,#747,.F.);
#968=ORIENTED_EDGE('',*,*,#748,.T.);
#969=ORIENTED_EDGE('',*,*,#749,.T.);
#970=ORIENTED_EDGE('',*,*,#750,.T.);
#971=ORIENTED_EDGE('',*,*,#747,.T.);
#972=ORIENTED_EDGE('',*,*,#751,.F.);
#973=ORIENTED_EDGE('',*,*,#731,.F.);
#974=ORIENTED_EDGE('',*,*,#752,.F.);
#975=ORIENTED_EDGE('',*,*,#724,.T.);
#976=ORIENTED_EDGE('',*,*,#753,.F.);
#977=ORIENTED_EDGE('',*,*,#754,.F.);
#978=ORIENTED_EDGE('',*,*,#755,.F.);
#979=ORIENTED_EDGE('',*,*,#754,.T.);
#980=ORIENTED_EDGE('',*,*,#756,.F.);
#981=ORIENTED_EDGE('',*,*,#726,.F.);
#982=ORIENTED_EDGE('',*,*,#727,.T.);
#983=ORIENTED_EDGE('',*,*,#756,.T.);
#984=ORIENTED_EDGE('',*,*,#753,.T.);
#985=ORIENTED_EDGE('',*,*,#723,.T.);
#986=ORIENTED_EDGE('',*,*,#732,.T.);
#987=ORIENTED_EDGE('',*,*,#751,.T.);
#988=ORIENTED_EDGE('',*,*,#746,.T.);
#989=ORIENTED_EDGE('',*,*,#742,.T.);
#990=ORIENTED_EDGE('',*,*,#737,.T.);
#991=ORIENTED_EDGE('',*,*,#734,.T.);
#992=ORIENTED_EDGE('',*,*,#757,.F.);
#993=ORIENTED_EDGE('',*,*,#744,.T.);
#994=ORIENTED_EDGE('',*,*,#758,.F.);
#995=ORIENTED_EDGE('',*,*,#741,.F.);
#996=ORIENTED_EDGE('',*,*,#759,.F.);
#997=ORIENTED_EDGE('',*,*,#729,.T.);
#998=ORIENTED_EDGE('',*,*,#760,.F.);
#999=ORIENTED_EDGE('',*,*,#749,.F.);
#1000=ORIENTED_EDGE('',*,*,#745,.T.);
#1001=ORIENTED_EDGE('',*,*,#760,.T.);
#1002=ORIENTED_EDGE('',*,*,#728,.T.);
#1003=ORIENTED_EDGE('',*,*,#758,.T.);
#1004=ORIENTED_EDGE('',*,*,#761,.F.);
#1005=ORIENTED_EDGE('',*,*,#704,.T.);
#1006=ORIENTED_EDGE('',*,*,#684,.F.);
#1007=ORIENTED_EDGE('',*,*,#762,.F.);
#1008=ORIENTED_EDGE('',*,*,#763,.F.);
#1009=ORIENTED_EDGE('',*,*,#762,.T.);
#1010=ORIENTED_EDGE('',*,*,#683,.F.);
#1011=ORIENTED_EDGE('',*,*,#703,.F.);
#1012=ORIENTED_EDGE('',*,*,#681,.F.);
#1013=ORIENTED_EDGE('',*,*,#764,.T.);
#1014=ORIENTED_EDGE('',*,*,#695,.T.);
#1015=ORIENTED_EDGE('',*,*,#764,.F.);
#1016=ORIENTED_EDGE('',*,*,#696,.T.);
#1017=ORIENTED_EDGE('',*,*,#700,.T.);
#1018=ORIENTED_EDGE('',*,*,#677,.F.);
#1019=ORIENTED_EDGE('',*,*,#701,.F.);
#1020=ORIENTED_EDGE('',*,*,#662,.F.);
#1021=ORIENTED_EDGE('',*,*,#765,.F.);
#1022=ORIENTED_EDGE('',*,*,#693,.F.);
#1023=ORIENTED_EDGE('',*,*,#670,.F.);
#1024=ORIENTED_EDGE('',*,*,#766,.F.);
#1025=ORIENTED_EDGE('',*,*,#767,.F.);
#1026=ORIENTED_EDGE('',*,*,#768,.F.);
#1027=ORIENTED_EDGE('',*,*,#769,.F.);
#1028=ORIENTED_EDGE('',*,*,#770,.F.);
#1029=ORIENTED_EDGE('',*,*,#771,.F.);
#1030=ORIENTED_EDGE('',*,*,#772,.F.);
#1031=ORIENTED_EDGE('',*,*,#773,.F.);
#1032=ORIENTED_EDGE('',*,*,#725,.T.);
#1033=ORIENTED_EDGE('',*,*,#721,.T.);
#1034=ORIENTED_EDGE('',*,*,#752,.T.);
#1035=ORIENTED_EDGE('',*,*,#755,.T.);
#1036=ORIENTED_EDGE('',*,*,#770,.T.);
#1037=ORIENTED_EDGE('',*,*,#774,.T.);
#1038=ORIENTED_EDGE('',*,*,#775,.F.);
#1039=ORIENTED_EDGE('',*,*,#776,.F.);
#1040=ORIENTED_EDGE('',*,*,#769,.T.);
#1041=ORIENTED_EDGE('',*,*,#777,.T.);
#1042=ORIENTED_EDGE('',*,*,#778,.F.);
#1043=ORIENTED_EDGE('',*,*,#774,.F.);
#1044=ORIENTED_EDGE('',*,*,#768,.T.);
#1045=ORIENTED_EDGE('',*,*,#779,.T.);
#1046=ORIENTED_EDGE('',*,*,#780,.F.);
#1047=ORIENTED_EDGE('',*,*,#777,.F.);
#1048=ORIENTED_EDGE('',*,*,#767,.T.);
#1049=ORIENTED_EDGE('',*,*,#781,.T.);
#1050=ORIENTED_EDGE('',*,*,#782,.F.);
#1051=ORIENTED_EDGE('',*,*,#779,.F.);
#1052=ORIENTED_EDGE('',*,*,#771,.T.);
#1053=ORIENTED_EDGE('',*,*,#776,.T.);
#1054=ORIENTED_EDGE('',*,*,#783,.F.);
#1055=ORIENTED_EDGE('',*,*,#784,.F.);
#1056=ORIENTED_EDGE('',*,*,#772,.T.);
#1057=ORIENTED_EDGE('',*,*,#784,.T.);
#1058=ORIENTED_EDGE('',*,*,#785,.F.);
#1059=ORIENTED_EDGE('',*,*,#786,.F.);
#1060=ORIENTED_EDGE('',*,*,#773,.T.);
#1061=ORIENTED_EDGE('',*,*,#786,.T.);
#1062=ORIENTED_EDGE('',*,*,#787,.F.);
#1063=ORIENTED_EDGE('',*,*,#788,.F.);
#1064=ORIENTED_EDGE('',*,*,#766,.T.);
#1065=ORIENTED_EDGE('',*,*,#788,.T.);
#1066=ORIENTED_EDGE('',*,*,#789,.F.);
#1067=ORIENTED_EDGE('',*,*,#781,.F.);
#1068=ORIENTED_EDGE('',*,*,#790,.T.);
#1069=ORIENTED_EDGE('',*,*,#667,.T.);
#1070=ORIENTED_EDGE('',*,*,#791,.F.);
#1071=ORIENTED_EDGE('',*,*,#792,.F.);
#1072=ORIENTED_EDGE('',*,*,#793,.F.);
#1073=ORIENTED_EDGE('',*,*,#792,.T.);
#1074=ORIENTED_EDGE('',*,*,#794,.F.);
#1075=ORIENTED_EDGE('',*,*,#795,.F.);
#1076=ORIENTED_EDGE('',*,*,#796,.T.);
#1077=ORIENTED_EDGE('',*,*,#795,.T.);
#1078=ORIENTED_EDGE('',*,*,#797,.F.);
#1079=ORIENTED_EDGE('',*,*,#798,.F.);
#1080=ORIENTED_EDGE('',*,*,#799,.F.);
#1081=ORIENTED_EDGE('',*,*,#798,.T.);
#1082=ORIENTED_EDGE('',*,*,#800,.F.);
#1083=ORIENTED_EDGE('',*,*,#801,.F.);
#1084=ORIENTED_EDGE('',*,*,#802,.T.);
#1085=ORIENTED_EDGE('',*,*,#801,.T.);
#1086=ORIENTED_EDGE('',*,*,#803,.F.);
#1087=ORIENTED_EDGE('',*,*,#804,.F.);
#1088=ORIENTED_EDGE('',*,*,#805,.F.);
#1089=ORIENTED_EDGE('',*,*,#804,.T.);
#1090=ORIENTED_EDGE('',*,*,#806,.F.);
#1091=ORIENTED_EDGE('',*,*,#807,.F.);
#1092=ORIENTED_EDGE('',*,*,#808,.T.);
#1093=ORIENTED_EDGE('',*,*,#807,.T.);
#1094=ORIENTED_EDGE('',*,*,#809,.F.);
#1095=ORIENTED_EDGE('',*,*,#669,.F.);
#1096=ORIENTED_EDGE('',*,*,#809,.T.);
#1097=ORIENTED_EDGE('',*,*,#806,.T.);
#1098=ORIENTED_EDGE('',*,*,#803,.T.);
#1099=ORIENTED_EDGE('',*,*,#800,.T.);
#1100=ORIENTED_EDGE('',*,*,#797,.T.);
#1101=ORIENTED_EDGE('',*,*,#794,.T.);
#1102=ORIENTED_EDGE('',*,*,#791,.T.);
#1103=ORIENTED_EDGE('',*,*,#666,.T.);
#1104=ORIENTED_EDGE('',*,*,#686,.F.);
#1105=ORIENTED_EDGE('',*,*,#688,.T.);
#1106=ORIENTED_EDGE('',*,*,#690,.F.);
#1107=ORIENTED_EDGE('',*,*,#692,.T.);
#1108=ORIENTED_EDGE('',*,*,#694,.F.);
#1109=ORIENTED_EDGE('',*,*,#765,.T.);
#1110=ORIENTED_EDGE('',*,*,#661,.F.);
#1111=ORIENTED_EDGE('',*,*,#663,.T.);
#1112=ORIENTED_EDGE('',*,*,#789,.T.);
#1113=ORIENTED_EDGE('',*,*,#787,.T.);
#1114=ORIENTED_EDGE('',*,*,#785,.T.);
#1115=ORIENTED_EDGE('',*,*,#783,.T.);
#1116=ORIENTED_EDGE('',*,*,#775,.T.);
#1117=ORIENTED_EDGE('',*,*,#778,.T.);
#1118=ORIENTED_EDGE('',*,*,#780,.T.);
#1119=ORIENTED_EDGE('',*,*,#782,.T.);
#1120=ORIENTED_EDGE('',*,*,#712,.T.);
#1121=ORIENTED_EDGE('',*,*,#715,.T.);
#1122=ORIENTED_EDGE('',*,*,#709,.T.);
#1123=ORIENTED_EDGE('',*,*,#718,.T.);
#1124=ORIENTED_EDGE('',*,*,#708,.T.);
#1125=ORIENTED_EDGE('',*,*,#706,.T.);
#1126=ORIENTED_EDGE('',*,*,#702,.T.);
#1127=ORIENTED_EDGE('',*,*,#761,.T.);
#1128=ORIENTED_EDGE('',*,*,#763,.T.);
#1129=ORIENTED_EDGE('',*,*,#808,.F.);
#1130=ORIENTED_EDGE('',*,*,#668,.T.);
#1131=ORIENTED_EDGE('',*,*,#790,.F.);
#1132=ORIENTED_EDGE('',*,*,#793,.T.);
#1133=ORIENTED_EDGE('',*,*,#796,.F.);
#1134=ORIENTED_EDGE('',*,*,#799,.T.);
#1135=ORIENTED_EDGE('',*,*,#802,.F.);
#1136=ORIENTED_EDGE('',*,*,#805,.T.);
#1137=ORIENTED_EDGE('',*,*,#652,.T.);
#1138=ORIENTED_EDGE('',*,*,#655,.T.);
#1139=ORIENTED_EDGE('',*,*,#658,.T.);
#1140=ORIENTED_EDGE('',*,*,#757,.T.);
#1141=ORIENTED_EDGE('',*,*,#740,.F.);
#1142=ORIENTED_EDGE('',*,*,#736,.F.);
#1143=ORIENTED_EDGE('',*,*,#739,.F.);
#1144=ORIENTED_EDGE('',*,*,#748,.F.);
#1145=ORIENTED_EDGE('',*,*,#750,.F.);
#1146=ORIENTED_EDGE('',*,*,#730,.F.);
#1147=ORIENTED_EDGE('',*,*,#759,.T.);
#1148=CYLINDRICAL_SURFACE('',#1264,0.600000000000005);
#1149=CYLINDRICAL_SURFACE('',#1268,0.600000000000005);
#1150=CYLINDRICAL_SURFACE('',#1272,0.600000000000005);
#1151=CYLINDRICAL_SURFACE('',#1276,1.6);
#1152=CYLINDRICAL_SURFACE('',#1280,1.6);
#1153=CYLINDRICAL_SURFACE('',#1284,1.6);
#1154=CYLINDRICAL_SURFACE('',#1288,0.5);
#1155=CYLINDRICAL_SURFACE('',#1299,0.5);
#1156=CYLINDRICAL_SURFACE('',#1302,1.);
#1157=CYLINDRICAL_SURFACE('',#1305,1.);
#1158=CYLINDRICAL_SURFACE('',#1312,2.68615967850108);
#1159=CYLINDRICAL_SURFACE('',#1314,2.68615967850108);
#1160=CYLINDRICAL_SURFACE('',#1333,8.21873315472899);
#1161=CYLINDRICAL_SURFACE('',#1337,5.08032993973976);
#1162=CYLINDRICAL_SURFACE('',#1340,5.52293194908027);
#1163=CYLINDRICAL_SURFACE('',#1346,8.21873315472899);
#1164=CYLINDRICAL_SURFACE('',#1351,7.58100269363444);
#1165=CYLINDRICAL_SURFACE('',#1354,14.4244920850702);
#1166=CYLINDRICAL_SURFACE('',#1359,2.24378093370795);
#1167=CYLINDRICAL_SURFACE('',#1367,1.);
#1168=CYLINDRICAL_SURFACE('',#1370,0.999999999999996);
#1169=CYLINDRICAL_SURFACE('',#1374,0.999999999999988);
#1170=CYLINDRICAL_SURFACE('',#1377,1.);
#1171=CYLINDRICAL_SURFACE('',#1379,5.);
#1172=CYLINDRICAL_SURFACE('',#1383,5.);
#1173=CYLINDRICAL_SURFACE('',#1387,5.00000000000001);
#1174=CYLINDRICAL_SURFACE('',#1391,5.00000000000001);
#1175=ADVANCED_FACE('',(#91),#1148,.F.);
#1176=ADVANCED_FACE('',(#92),#49,.T.);
#1177=ADVANCED_FACE('',(#93),#1149,.F.);
#1178=ADVANCED_FACE('',(#94),#50,.T.);
#1179=ADVANCED_FACE('',(#95),#1150,.F.);
#1180=ADVANCED_FACE('',(#96),#51,.T.);
#1181=ADVANCED_FACE('',(#97),#1151,.T.);
#1182=ADVANCED_FACE('',(#98,#25),#52,.T.);
#1183=ADVANCED_FACE('',(#99),#1152,.T.);
#1184=ADVANCED_FACE('',(#100,#26),#53,.T.);
#1185=ADVANCED_FACE('',(#101),#1153,.T.);
#1186=ADVANCED_FACE('',(#102,#27),#54,.T.);
#1187=ADVANCED_FACE('',(#103),#1154,.T.);
#1188=ADVANCED_FACE('',(#104),#55,.T.);
#1189=ADVANCED_FACE('',(#105,#28,#29,#30,#31,#32),#56,.T.);
#1190=ADVANCED_FACE('',(#106),#1155,.T.);
#1191=ADVANCED_FACE('',(#107),#57,.T.);
#1192=ADVANCED_FACE('',(#108),#1156,.T.);
#1193=ADVANCED_FACE('',(#109),#58,.T.);
#1194=ADVANCED_FACE('',(#110),#1157,.T.);
#1195=ADVANCED_FACE('',(#111),#59,.T.);
#1196=ADVANCED_FACE('',(#112),#60,.T.);
#1197=ADVANCED_FACE('',(#113),#61,.T.);
#1198=ADVANCED_FACE('',(#114),#15,.T.);
#1199=ADVANCED_FACE('',(#115),#62,.T.);
#1200=ADVANCED_FACE('',(#116),#1158,.F.);
#1201=ADVANCED_FACE('',(#117),#1159,.F.);
#1202=ADVANCED_FACE('',(#118),#16,.T.);
#1203=ADVANCED_FACE('',(#119),#63,.T.);
#1204=ADVANCED_FACE('',(#120),#17,.T.);
#1205=ADVANCED_FACE('',(#121),#64,.T.);
#1206=ADVANCED_FACE('',(#122),#18,.T.);
#1207=ADVANCED_FACE('',(#123),#65,.T.);
#1208=ADVANCED_FACE('',(#124),#19,.T.);
#1209=ADVANCED_FACE('',(#125),#66,.T.);
#1210=ADVANCED_FACE('',(#126),#67,.T.);
#1211=ADVANCED_FACE('',(#127),#1160,.T.);
#1212=ADVANCED_FACE('',(#128),#68,.T.);
#1213=ADVANCED_FACE('',(#129),#1161,.F.);
#1214=ADVANCED_FACE('',(#130),#1162,.F.);
#1215=ADVANCED_FACE('',(#131),#69,.T.);
#1216=ADVANCED_FACE('',(#132),#70,.T.);
#1217=ADVANCED_FACE('',(#133),#71,.T.);
#1218=ADVANCED_FACE('',(#134),#1163,.T.);
#1219=ADVANCED_FACE('',(#135),#72,.T.);
#1220=ADVANCED_FACE('',(#136,#33,#34,#35),#73,.T.);
#1221=ADVANCED_FACE('',(#137),#1164,.F.);
#1222=ADVANCED_FACE('',(#138),#1165,.F.);
#1223=ADVANCED_FACE('',(#139),#74,.T.);
#1224=ADVANCED_FACE('',(#140),#20,.T.);
#1225=ADVANCED_FACE('',(#141),#75,.T.);
#1226=ADVANCED_FACE('',(#142),#1166,.F.);
#1227=ADVANCED_FACE('',(#143),#76,.T.);
#1228=ADVANCED_FACE('',(#144),#77,.T.);
#1229=ADVANCED_FACE('',(#145,#36),#78,.T.);
#1230=ADVANCED_FACE('',(#146),#1167,.F.);
#1231=ADVANCED_FACE('',(#147),#79,.T.);
#1232=ADVANCED_FACE('',(#148),#1168,.F.);
#1233=ADVANCED_FACE('',(#149),#80,.T.);
#1234=ADVANCED_FACE('',(#150),#81,.T.);
#1235=ADVANCED_FACE('',(#151),#1169,.F.);
#1236=ADVANCED_FACE('',(#152),#82,.T.);
#1237=ADVANCED_FACE('',(#153),#1170,.F.);
#1238=ADVANCED_FACE('',(#154),#1171,.T.);
#1239=ADVANCED_FACE('',(#155),#83,.T.);
#1240=ADVANCED_FACE('',(#156),#1172,.T.);
#1241=ADVANCED_FACE('',(#157),#84,.T.);
#1242=ADVANCED_FACE('',(#158),#1173,.T.);
#1243=ADVANCED_FACE('',(#159),#85,.T.);
#1244=ADVANCED_FACE('',(#160),#1174,.T.);
#1245=ADVANCED_FACE('',(#161,#37,#38,#39,#40,#41),#86,.T.);
#1246=ADVANCED_FACE('',(#162),#87,.T.);
#1247=ADVANCED_FACE('',(#163),#88,.T.);
#1248=ADVANCED_FACE('',(#164),#89,.T.);
#1249=ADVANCED_FACE('',(#165,#42,#43,#44,#45,#46,#47,#48),#90,.F.);
#1250=CLOSED_SHELL('',(#1175,#1176,#1177,#1178,#1179,#1180,#1181,#1182,
#1183,#1184,#1185,#1186,#1187,#1188,#1189,#1190,#1191,#1192,#1193,#1194,
#1195,#1196,#1197,#1198,#1199,#1200,#1201,#1202,#1203,#1204,#1205,#1206,
#1207,#1208,#1209,#1210,#1211,#1212,#1213,#1214,#1215,#1216,#1217,#1218,
#1219,#1220,#1221,#1222,#1223,#1224,#1225,#1226,#1227,#1228,#1229,#1230,
#1231,#1232,#1233,#1234,#1235,#1236,#1237,#1238,#1239,#1240,#1241,#1242,
#1243,#1244,#1245,#1246,#1247,#1248,#1249));
#1251=DERIVED_UNIT_ELEMENT(#1253,1.);
#1252=DERIVED_UNIT_ELEMENT(#2579,-3.);
#1253=(
MASS_UNIT()
NAMED_UNIT(*)
SI_UNIT(.KILO.,.GRAM.)
);
#1254=DERIVED_UNIT((#1251,#1252));
#1255=MEASURE_REPRESENTATION_ITEM('density measure',
POSITIVE_RATIO_MEASURE(7850.),#1254);
#1256=PROPERTY_DEFINITION_REPRESENTATION(#1261,#1258);
#1257=PROPERTY_DEFINITION_REPRESENTATION(#1262,#1259);
#1258=REPRESENTATION('material name',(#1260),#2576);
#1259=REPRESENTATION('density',(#1255),#2576);
#1260=DESCRIPTIVE_REPRESENTATION_ITEM('Steel','Steel');
#1261=PROPERTY_DEFINITION('material property','material name',#2586);
#1262=PROPERTY_DEFINITION('material property','density of part',#2586);
#1263=AXIS2_PLACEMENT_3D('',#1770,#1399,#1400);
#1264=AXIS2_PLACEMENT_3D('',#1771,#1401,#1402);
#1265=AXIS2_PLACEMENT_3D('',#1773,#1403,#1404);
#1266=AXIS2_PLACEMENT_3D('',#1776,#1406,#1407);
#1267=AXIS2_PLACEMENT_3D('',#1777,#1408,#1409);
#1268=AXIS2_PLACEMENT_3D('',#1778,#1410,#1411);
#1269=AXIS2_PLACEMENT_3D('',#1780,#1412,#1413);
#1270=AXIS2_PLACEMENT_3D('',#1783,#1415,#1416);
#1271=AXIS2_PLACEMENT_3D('',#1784,#1417,#1418);
#1272=AXIS2_PLACEMENT_3D('',#1785,#1419,#1420);
#1273=AXIS2_PLACEMENT_3D('',#1787,#1421,#1422);
#1274=AXIS2_PLACEMENT_3D('',#1790,#1424,#1425);
#1275=AXIS2_PLACEMENT_3D('',#1791,#1426,#1427);
#1276=AXIS2_PLACEMENT_3D('',#1792,#1428,#1429);
#1277=AXIS2_PLACEMENT_3D('',#1794,#1430,#1431);
#1278=AXIS2_PLACEMENT_3D('',#1797,#1433,#1434);
#1279=AXIS2_PLACEMENT_3D('',#1798,#1435,#1436);
#1280=AXIS2_PLACEMENT_3D('',#1799,#1437,#1438);
#1281=AXIS2_PLACEMENT_3D('',#1801,#1439,#1440);
#1282=AXIS2_PLACEMENT_3D('',#1804,#1442,#1443);
#1283=AXIS2_PLACEMENT_3D('',#1805,#1444,#1445);
#1284=AXIS2_PLACEMENT_3D('',#1806,#1446,#1447);
#1285=AXIS2_PLACEMENT_3D('',#1808,#1448,#1449);
#1286=AXIS2_PLACEMENT_3D('',#1811,#1451,#1452);
#1287=AXIS2_PLACEMENT_3D('',#1812,#1453,#1454);
#1288=AXIS2_PLACEMENT_3D('',#1813,#1455,#1456);
#1289=AXIS2_PLACEMENT_3D('',#1816,#1457,#1458);
#1290=AXIS2_PLACEMENT_3D('',#1820,#1460,#1461);
#1291=AXIS2_PLACEMENT_3D('',#1822,#1463,#1464);
#1292=AXIS2_PLACEMENT_3D('',#1836,#1472,#1473);
#1293=AXIS2_PLACEMENT_3D('',#1840,#1475,#1476);
#1294=AXIS2_PLACEMENT_3D('',#1844,#1478,#1479);
#1295=AXIS2_PLACEMENT_3D('',#1847,#1481,#1482);
#1296=AXIS2_PLACEMENT_3D('',#1849,#1483,#1484);
#1297=AXIS2_PLACEMENT_3D('',#1886,#1487,#1488);
#1298=AXIS2_PLACEMENT_3D('',#1888,#1489,#1490);
#1299=AXIS2_PLACEMENT_3D('',#1924,#1493,#1494);
#1300=AXIS2_PLACEMENT_3D('',#1927,#1496,#1497);
#1301=AXIS2_PLACEMENT_3D('',#1928,#1498,#1499);
#1302=AXIS2_PLACEMENT_3D('',#1932,#1502,#1503);
#1303=AXIS2_PLACEMENT_3D('',#1935,#1505,#1506);
#1304=AXIS2_PLACEMENT_3D('',#1936,#1507,#1508);
#1305=AXIS2_PLACEMENT_3D('',#1940,#1511,#1512);
#1306=AXIS2_PLACEMENT_3D('',#1943,#1514,#1515);
#1307=AXIS2_PLACEMENT_3D('',#1944,#1516,#1517);
#1308=AXIS2_PLACEMENT_3D('',#1946,#1518,#1519);
#1309=AXIS2_PLACEMENT_3D('',#1947,#1520,#1521);
#1310=AXIS2_PLACEMENT_3D('',#2092,#1524,#1525);
#1311=AXIS2_PLACEMENT_3D('',#2156,#1529,#1530);
#1312=AXIS2_PLACEMENT_3D('',#2162,#1534,#1535);
#1313=AXIS2_PLACEMENT_3D('',#2165,#1537,#1538);
#1314=AXIS2_PLACEMENT_3D('',#2166,#1539,#1540);
#1315=AXIS2_PLACEMENT_3D('',#2169,#1542,#1543);
#1316=AXIS2_PLACEMENT_3D('',#2198,#1544,#1545);
#1317=AXIS2_PLACEMENT_3D('',#2200,#1546,#1547);
#1318=AXIS2_PLACEMENT_3D('',#2201,#1548,#1549);
#1319=AXIS2_PLACEMENT_3D('',#2202,#1550,#1551);
#1320=AXIS2_PLACEMENT_3D('',#2231,#1552,#1553);
#1321=AXIS2_PLACEMENT_3D('',#2233,#1554,#1555);
#1322=AXIS2_PLACEMENT_3D('',#2234,#1556,#1557);
#1323=AXIS2_PLACEMENT_3D('',#2235,#1558,#1559);
#1324=AXIS2_PLACEMENT_3D('',#2264,#1560,#1561);
#1325=AXIS2_PLACEMENT_3D('',#2266,#1562,#1563);
#1326=AXIS2_PLACEMENT_3D('',#2267,#1564,#1565);
#1327=AXIS2_PLACEMENT_3D('',#2268,#1566,#1567);
#1328=AXIS2_PLACEMENT_3D('',#2297,#1568,#1569);
#1329=AXIS2_PLACEMENT_3D('',#2299,#1570,#1571);
#1330=AXIS2_PLACEMENT_3D('',#2300,#1572,#1573);
#1331=AXIS2_PLACEMENT_3D('',#2301,#1574,#1575);
#1332=AXIS2_PLACEMENT_3D('',#2302,#1576,#1577);
#1333=AXIS2_PLACEMENT_3D('',#2311,#1582,#1583);
#1334=AXIS2_PLACEMENT_3D('',#2313,#1584,#1585);
#1335=AXIS2_PLACEMENT_3D('',#2316,#1587,#1588);
#1336=AXIS2_PLACEMENT_3D('',#2317,#1589,#1590);
#1337=AXIS2_PLACEMENT_3D('',#2330,#1597,#1598);
#1338=AXIS2_PLACEMENT_3D('',#2332,#1599,#1600);
#1339=AXIS2_PLACEMENT_3D('',#2335,#1602,#1603);
#1340=AXIS2_PLACEMENT_3D('',#2336,#1604,#1605);
#1341=AXIS2_PLACEMENT_3D('',#2338,#1606,#1607);
#1342=AXIS2_PLACEMENT_3D('',#2341,#1609,#1610);
#1343=AXIS2_PLACEMENT_3D('',#2342,#1611,#1612);
#1344=AXIS2_PLACEMENT_3D('',#2352,#1618,#1619);
#1345=AXIS2_PLACEMENT_3D('',#2362,#1625,#1626);
#1346=AXIS2_PLACEMENT_3D('',#2365,#1629,#1630);
#1347=AXIS2_PLACEMENT_3D('',#2367,#1631,#1632);
#1348=AXIS2_PLACEMENT_3D('',#2369,#1633,#1634);
#1349=AXIS2_PLACEMENT_3D('',#2371,#1636,#1637);
#1350=AXIS2_PLACEMENT_3D('',#2374,#1640,#1641);
#1351=AXIS2_PLACEMENT_3D('',#2375,#1642,#1643);
#1352=AXIS2_PLACEMENT_3D('',#2376,#1644,#1645);
#1353=AXIS2_PLACEMENT_3D('',#2377,#1646,#1647);
#1354=AXIS2_PLACEMENT_3D('',#2378,#1648,#1649);
#1355=AXIS2_PLACEMENT_3D('',#2379,#1650,#1651);
#1356=AXIS2_PLACEMENT_3D('',#2380,#1652,#1653);
#1357=AXIS2_PLACEMENT_3D('',#2381,#1654,#1655);
#1358=AXIS2_PLACEMENT_3D('',#2474,#1657,#1658);
#1359=AXIS2_PLACEMENT_3D('',#2476,#1660,#1661);
#1360=AXIS2_PLACEMENT_3D('',#2478,#1663,#1664);
#1361=AXIS2_PLACEMENT_3D('',#2479,#1665,#1666);
#1362=AXIS2_PLACEMENT_3D('',#2481,#1668,#1669);
#1363=AXIS2_PLACEMENT_3D('',#2484,#1670,#1671);
#1364=AXIS2_PLACEMENT_3D('',#2488,#1673,#1674);
#1365=AXIS2_PLACEMENT_3D('',#2492,#1676,#1677);
#1366=AXIS2_PLACEMENT_3D('',#2496,#1679,#1680);
#1367=AXIS2_PLACEMENT_3D('',#2498,#1682,#1683);
#1368=AXIS2_PLACEMENT_3D('',#2502,#1685,#1686);
#1369=AXIS2_PLACEMENT_3D('',#2504,#1688,#1689);
#1370=AXIS2_PLACEMENT_3D('',#2508,#1692,#1693);
#1371=AXIS2_PLACEMENT_3D('',#2511,#1695,#1696);
#1372=AXIS2_PLACEMENT_3D('',#2512,#1697,#1698);
#1373=AXIS2_PLACEMENT_3D('',#2516,#1701,#1702);
#1374=AXIS2_PLACEMENT_3D('',#2520,#1705,#1706);
#1375=AXIS2_PLACEMENT_3D('',#2522,#1707,#1708);
#1376=AXIS2_PLACEMENT_3D('',#2524,#1710,#1711);
#1377=AXIS2_PLACEMENT_3D('',#2528,#1714,#1715);
#1378=AXIS2_PLACEMENT_3D('',#2529,#1716,#1717);
#1379=AXIS2_PLACEMENT_3D('',#2530,#1718,#1719);
#1380=AXIS2_PLACEMENT_3D('',#2532,#1720,#1721);
#1381=AXIS2_PLACEMENT_3D('',#2534,#1722,#1723);
#1382=AXIS2_PLACEMENT_3D('',#2536,#1725,#1726);
#1383=AXIS2_PLACEMENT_3D('',#2542,#1730,#1731);
#1384=AXIS2_PLACEMENT_3D('',#2544,#1732,#1733);
#1385=AXIS2_PLACEMENT_3D('',#2546,#1734,#1735);
#1386=AXIS2_PLACEMENT_3D('',#2548,#1737,#1738);
#1387=AXIS2_PLACEMENT_3D('',#2554,#1742,#1743);
#1388=AXIS2_PLACEMENT_3D('',#2556,#1744,#1745);
#1389=AXIS2_PLACEMENT_3D('',#2558,#1746,#1747);
#1390=AXIS2_PLACEMENT_3D('',#2560,#1749,#1750);
#1391=AXIS2_PLACEMENT_3D('',#2566,#1754,#1755);
#1392=AXIS2_PLACEMENT_3D('',#2567,#1756,#1757);
#1393=AXIS2_PLACEMENT_3D('',#2568,#1758,#1759);
#1394=AXIS2_PLACEMENT_3D('',#2569,#1760,#1761);
#1395=AXIS2_PLACEMENT_3D('',#2570,#1762,#1763);
#1396=AXIS2_PLACEMENT_3D('',#2571,#1764,#1765);
#1397=AXIS2_PLACEMENT_3D('',#2572,#1766,#1767);
#1398=AXIS2_PLACEMENT_3D('',#2573,#1768,#1769);
#1399=DIRECTION('axis',(0.,0.,1.));
#1400=DIRECTION('refdir',(1.,0.,0.));
#1401=DIRECTION('center_axis',(0.,0.,1.));
#1402=DIRECTION('ref_axis',(1.,0.,0.));
#1403=DIRECTION('center_axis',(0.,0.,1.));
#1404=DIRECTION('ref_axis',(1.,0.,0.));
#1405=DIRECTION('',(0.,0.,1.));
#1406=DIRECTION('center_axis',(0.,0.,1.));
#1407=DIRECTION('ref_axis',(1.,0.,0.));
#1408=DIRECTION('center_axis',(0.,0.,-1.));
#1409=DIRECTION('ref_axis',(1.,0.,0.));
#1410=DIRECTION('center_axis',(0.,0.,1.));
#1411=DIRECTION('ref_axis',(1.,0.,0.));
#1412=DIRECTION('center_axis',(0.,0.,1.));
#1413=DIRECTION('ref_axis',(1.,0.,0.));
#1414=DIRECTION('',(0.,0.,1.));
#1415=DIRECTION('center_axis',(0.,0.,1.));
#1416=DIRECTION('ref_axis',(1.,0.,0.));
#1417=DIRECTION('center_axis',(0.,0.,-1.));
#1418=DIRECTION('ref_axis',(1.,0.,0.));
#1419=DIRECTION('center_axis',(0.,0.,1.));
#1420=DIRECTION('ref_axis',(1.,0.,0.));
#1421=DIRECTION('center_axis',(0.,0.,1.));
#1422=DIRECTION('ref_axis',(1.,0.,0.));
#1423=DIRECTION('',(0.,0.,1.));
#1424=DIRECTION('center_axis',(0.,0.,1.));
#1425=DIRECTION('ref_axis',(1.,0.,0.));
#1426=DIRECTION('center_axis',(0.,0.,-1.));
#1427=DIRECTION('ref_axis',(1.,0.,0.));
#1428=DIRECTION('center_axis',(0.,0.,-1.));
#1429=DIRECTION('ref_axis',(1.,0.,0.));
#1430=DIRECTION('center_axis',(0.,0.,-1.));
#1431=DIRECTION('ref_axis',(1.,0.,0.));
#1432=DIRECTION('',(0.,0.,1.));
#1433=DIRECTION('center_axis',(0.,0.,1.));
#1434=DIRECTION('ref_axis',(1.,0.,0.));
#1435=DIRECTION('center_axis',(0.,0.,-1.));
#1436=DIRECTION('ref_axis',(1.,0.,0.));
#1437=DIRECTION('center_axis',(0.,0.,-1.));
#1438=DIRECTION('ref_axis',(1.,0.,0.));
#1439=DIRECTION('center_axis',(0.,0.,-1.));
#1440=DIRECTION('ref_axis',(1.,0.,0.));
#1441=DIRECTION('',(0.,0.,1.));
#1442=DIRECTION('center_axis',(0.,0.,1.));
#1443=DIRECTION('ref_axis',(1.,0.,0.));
#1444=DIRECTION('center_axis',(0.,0.,-1.));
#1445=DIRECTION('ref_axis',(1.,0.,0.));
#1446=DIRECTION('center_axis',(0.,0.,-1.));
#1447=DIRECTION('ref_axis',(1.,0.,0.));
#1448=DIRECTION('center_axis',(0.,0.,-1.));
#1449=DIRECTION('ref_axis',(1.,0.,0.));
#1450=DIRECTION('',(0.,0.,1.));
#1451=DIRECTION('center_axis',(0.,0.,1.));
#1452=DIRECTION('ref_axis',(1.,0.,0.));
#1453=DIRECTION('center_axis',(0.,0.,-1.));
#1454=DIRECTION('ref_axis',(1.,0.,0.));
#1455=DIRECTION('center_axis',(0.,0.,1.));
#1456=DIRECTION('ref_axis',(0.766044443118971,-0.642787609686548,0.));
#1457=DIRECTION('center_axis',(0.,0.,-1.));
#1458=DIRECTION('ref_axis',(0.766044443118971,-0.642787609686548,0.));
#1459=DIRECTION('',(0.,0.,-1.));
#1460=DIRECTION('center_axis',(0.,0.,-1.));
#1461=DIRECTION('ref_axis',(0.766044443118971,-0.642787609686548,0.));
#1462=DIRECTION('',(0.,0.,1.));
#1463=DIRECTION('center_axis',(-4.62592926927149E-17,-1.,0.));
#1464=DIRECTION('ref_axis',(1.,-4.62592926927149E-17,0.));
#1465=DIRECTION('',(1.,-4.62592926927149E-17,0.));
#1466=DIRECTION('',(1.,-4.62592926927149E-17,0.));
#1467=DIRECTION('',(0.,0.,1.));
#1468=DIRECTION('',(1.,-4.62592926927149E-17,0.));
#1469=DIRECTION('',(0.,0.,1.));
#1470=DIRECTION('',(-1.,4.62592926927149E-17,0.));
#1471=DIRECTION('',(0.,0.,1.));
#1472=DIRECTION('center_axis',(0.,0.,1.));
#1473=DIRECTION('ref_axis',(-1.,0.,0.));
#1474=DIRECTION('',(-0.17364817766693,0.984807753012208,0.));
#1475=DIRECTION('center_axis',(0.,0.,-1.));
#1476=DIRECTION('ref_axis',(0.64278760968654,0.766044443118977,0.));
#1477=DIRECTION('',(-1.,0.,0.));
#1478=DIRECTION('center_axis',(0.,0.,-1.));
#1479=DIRECTION('ref_axis',(-0.642787609686538,0.76604444311898,0.));
#1480=DIRECTION('',(-0.17364817766693,-0.984807753012208,0.));
#1481=DIRECTION('center_axis',(0.,0.,-1.));
#1482=DIRECTION('ref_axis',(-0.766044443118984,-0.642787609686533,0.));
#1483=DIRECTION('center_axis',(0.,0.,-1.));
#1484=DIRECTION('ref_axis',(-1.,0.,0.));
#1485=DIRECTION('',(1.,0.,0.));
#1486=DIRECTION('',(0.,-1.,0.));
#1487=DIRECTION('center_axis',(0.,0.,-1.));
#1488=DIRECTION('ref_axis',(-1.,0.,0.));
#1489=DIRECTION('center_axis',(0.,0.,-1.));
#1490=DIRECTION('ref_axis',(-1.,0.,0.));
#1491=DIRECTION('',(0.,1.,0.));
#1492=DIRECTION('',(1.,0.,0.));
#1493=DIRECTION('center_axis',(0.,0.,1.));
#1494=DIRECTION('ref_axis',(-0.766044443118984,-0.642787609686533,0.));
#1495=DIRECTION('',(0.,0.,-1.));
#1496=DIRECTION('center_axis',(0.,0.,-1.));
#1497=DIRECTION('ref_axis',(-0.766044443118984,-0.642787609686533,0.));
#1498=DIRECTION('center_axis',(-0.984807753012208,0.17364817766693,0.));
#1499=DIRECTION('ref_axis',(-0.17364817766693,-0.984807753012208,0.));
#1500=DIRECTION('',(0.,0.,1.));
#1501=DIRECTION('',(0.17364817766693,0.984807753012208,0.));
#1502=DIRECTION('center_axis',(0.,0.,1.));
#1503=DIRECTION('ref_axis',(-0.642787609686538,0.76604444311898,0.));
#1504=DIRECTION('',(0.,0.,-1.));
#1505=DIRECTION('center_axis',(0.,0.,-1.));
#1506=DIRECTION('ref_axis',(-0.642787609686538,0.76604444311898,0.));
#1507=DIRECTION('center_axis',(0.,1.,0.));
#1508=DIRECTION('ref_axis',(-1.,0.,0.));
#1509=DIRECTION('',(0.,0.,1.));
#1510=DIRECTION('',(1.,0.,0.));
#1511=DIRECTION('center_axis',(0.,0.,1.));
#1512=DIRECTION('ref_axis',(0.64278760968654,0.766044443118977,0.));
#1513=DIRECTION('',(0.,0.,-1.));
#1514=DIRECTION('center_axis',(0.,0.,-1.));
#1515=DIRECTION('ref_axis',(0.64278760968654,0.766044443118977,0.));
#1516=DIRECTION('center_axis',(0.,0.,1.));
#1517=DIRECTION('ref_axis',(-1.,0.,0.));
#1518=DIRECTION('center_axis',(0.,0.,-1.));
#1519=DIRECTION('ref_axis',(-1.,0.,0.));
#1520=DIRECTION('center_axis',(0.,0.,1.));
#1521=DIRECTION('ref_axis',(-1.,0.,0.));
#1522=DIRECTION('',(1.,0.,0.));
#1523=DIRECTION('',(0.,-1.,0.));
#1524=DIRECTION('center_axis',(-1.,0.,0.));
#1525=DIRECTION('ref_axis',(0.,-1.,0.));
#1526=DIRECTION('',(0.,0.,1.));
#1527=DIRECTION('',(0.,0.,1.));
#1528=DIRECTION('',(0.,0.,1.));
#1529=DIRECTION('center_axis',(1.,0.,0.));
#1530=DIRECTION('ref_axis',(0.,1.,0.));
#1531=DIRECTION('',(0.,-1.,0.));
#1532=DIRECTION('',(0.,0.,1.));
#1533=DIRECTION('',(0.,0.,1.));
#1534=DIRECTION('center_axis',(0.,0.,1.));
#1535=DIRECTION('ref_axis',(-1.,0.,0.));
#1536=DIRECTION('',(0.,0.,-1.));
#1537=DIRECTION('center_axis',(0.,0.,1.));
#1538=DIRECTION('ref_axis',(-1.,0.,0.));
#1539=DIRECTION('center_axis',(0.,0.,1.));
#1540=DIRECTION('ref_axis',(-1.,0.,0.));
#1541=DIRECTION('',(0.,0.,-1.));
#1542=DIRECTION('center_axis',(0.,0.,1.));
#1543=DIRECTION('ref_axis',(-1.,0.,0.));
#1544=DIRECTION('center_axis',(0.,0.,-1.));
#1545=DIRECTION('ref_axis',(-1.,0.,0.));
#1546=DIRECTION('center_axis',(0.,-1.,0.));
#1547=DIRECTION('ref_axis',(-1.,0.,0.));
#1548=DIRECTION('center_axis',(0.,0.,-1.));
#1549=DIRECTION('ref_axis',(1.,0.,0.));
#1550=DIRECTION('center_axis',(0.,0.,1.));
#1551=DIRECTION('ref_axis',(-1.,0.,0.));
#1552=DIRECTION('center_axis',(0.,0.,-1.));
#1553=DIRECTION('ref_axis',(-1.,0.,0.));
#1554=DIRECTION('center_axis',(0.,-1.,0.));
#1555=DIRECTION('ref_axis',(-1.,0.,0.));
#1556=DIRECTION('center_axis',(0.,0.,-1.));
#1557=DIRECTION('ref_axis',(1.,0.,0.));
#1558=DIRECTION('center_axis',(0.,0.,1.));
#1559=DIRECTION('ref_axis',(-1.,0.,0.));
#1560=DIRECTION('center_axis',(0.,0.,-1.));
#1561=DIRECTION('ref_axis',(-1.,0.,0.));
#1562=DIRECTION('center_axis',(0.,-1.,0.));
#1563=DIRECTION('ref_axis',(-1.,0.,0.));
#1564=DIRECTION('center_axis',(0.,0.,-1.));
#1565=DIRECTION('ref_axis',(1.,0.,0.));
#1566=DIRECTION('center_axis',(0.,0.,1.));
#1567=DIRECTION('ref_axis',(-1.,0.,0.));
#1568=DIRECTION('center_axis',(0.,0.,-1.));
#1569=DIRECTION('ref_axis',(-1.,0.,0.));
#1570=DIRECTION('center_axis',(0.,-1.,0.));
#1571=DIRECTION('ref_axis',(-1.,0.,0.));
#1572=DIRECTION('center_axis',(0.,0.,-1.));
#1573=DIRECTION('ref_axis',(1.,0.,0.));
#1574=DIRECTION('center_axis',(0.,0.,1.));
#1575=DIRECTION('ref_axis',(-1.,0.,0.));
#1576=DIRECTION('center_axis',(0.,1.,0.));
#1577=DIRECTION('ref_axis',(-1.,0.,0.));
#1578=DIRECTION('',(1.,0.,0.));
#1579=DIRECTION('',(0.,0.,1.));
#1580=DIRECTION('',(-1.,0.,0.));
#1581=DIRECTION('',(0.,0.,1.));
#1582=DIRECTION('center_axis',(0.,0.,1.));
#1583=DIRECTION('ref_axis',(0.,1.,0.));
#1584=DIRECTION('center_axis',(0.,0.,-1.));
#1585=DIRECTION('ref_axis',(0.,1.,0.));
#1586=DIRECTION('',(0.,0.,1.));
#1587=DIRECTION('center_axis',(0.,0.,1.));
#1588=DIRECTION('ref_axis',(0.,1.,0.));
#1589=DIRECTION('center_axis',(0.,1.,0.));
#1590=DIRECTION('ref_axis',(-1.,0.,0.));
#1591=DIRECTION('',(1.,0.,0.));
#1592=DIRECTION('',(0.,0.,1.));
#1593=DIRECTION('',(-1.,0.,0.));
#1594=DIRECTION('',(0.,0.,1.));
#1595=DIRECTION('',(-1.,0.,0.));
#1596=DIRECTION('',(0.,0.,1.));
#1597=DIRECTION('center_axis',(0.,0.,1.));
#1598=DIRECTION('ref_axis',(-1.,0.,0.));
#1599=DIRECTION('center_axis',(0.,0.,-1.));
#1600=DIRECTION('ref_axis',(-1.,0.,0.));
#1601=DIRECTION('',(0.,0.,-1.));
#1602=DIRECTION('center_axis',(0.,0.,-1.));
#1603=DIRECTION('ref_axis',(-1.,0.,0.));
#1604=DIRECTION('center_axis',(0.,0.,1.));
#1605=DIRECTION('ref_axis',(-1.,0.,0.));
#1606=DIRECTION('center_axis',(0.,0.,-1.));
#1607=DIRECTION('ref_axis',(-1.,0.,0.));
#1608=DIRECTION('',(0.,0.,-1.));
#1609=DIRECTION('center_axis',(0.,0.,-1.));
#1610=DIRECTION('ref_axis',(-1.,0.,0.));
#1611=DIRECTION('center_axis',(-1.,0.,0.));
#1612=DIRECTION('ref_axis',(0.,-1.,0.));
#1613=DIRECTION('',(0.,-1.,0.));
#1614=DIRECTION('',(0.,0.,1.));
#1615=DIRECTION('',(0.,-1.,0.));
#1616=DIRECTION('',(0.,0.,1.));
#1617=DIRECTION('',(0.,0.,1.));
#1618=DIRECTION('center_axis',(0.,-1.,0.));
#1619=DIRECTION('ref_axis',(1.,0.,0.));
#1620=DIRECTION('',(-1.,0.,0.));
#1621=DIRECTION('',(1.,0.,0.));
#1622=DIRECTION('',(0.,0.,1.));
#1623=DIRECTION('',(1.,0.,0.));
#1624=DIRECTION('',(0.,0.,1.));
#1625=DIRECTION('center_axis',(1.,0.,0.));
#1626=DIRECTION('ref_axis',(0.,1.,0.));
#1627=DIRECTION('',(0.,1.,0.));
#1628=DIRECTION('',(0.,1.,0.));
#1629=DIRECTION('center_axis',(0.,0.,1.));
#1630=DIRECTION('ref_axis',(0.,-1.,0.));
#1631=DIRECTION('center_axis',(0.,0.,-1.));
#1632=DIRECTION('ref_axis',(0.,-1.,0.));
#1633=DIRECTION('center_axis',(0.,0.,1.));
#1634=DIRECTION('ref_axis',(0.,-1.,0.));
#1635=DIRECTION('',(0.,0.,1.));
#1636=DIRECTION('center_axis',(0.,-1.,0.));
#1637=DIRECTION('ref_axis',(1.,0.,0.));
#1638=DIRECTION('',(-1.,0.,0.));
#1639=DIRECTION('',(1.,0.,0.));
#1640=DIRECTION('center_axis',(0.,0.,1.));
#1641=DIRECTION('ref_axis',(-1.,0.,0.));
#1642=DIRECTION('center_axis',(0.,0.,1.));
#1643=DIRECTION('ref_axis',(-0.529160531491697,0.848521733317082,0.));
#1644=DIRECTION('center_axis',(0.,0.,1.));
#1645=DIRECTION('ref_axis',(-0.529160531491697,0.848521733317082,0.));
#1646=DIRECTION('center_axis',(0.,0.,-1.));
#1647=DIRECTION('ref_axis',(-0.529160531491697,0.848521733317082,0.));
#1648=DIRECTION('center_axis',(0.,0.,1.));
#1649=DIRECTION('ref_axis',(0.89505637817801,-0.445953001876727,0.));
#1650=DIRECTION('center_axis',(0.,0.,1.));
#1651=DIRECTION('ref_axis',(0.89505637817801,-0.445953001876727,0.));
#1652=DIRECTION('center_axis',(0.,0.,-1.));
#1653=DIRECTION('ref_axis',(0.89505637817801,-0.445953001876727,0.));
#1654=DIRECTION('center_axis',(0.,0.,1.));
#1655=DIRECTION('ref_axis',(-1.,0.,0.));
#1656=DIRECTION('',(0.,0.,1.));
#1657=DIRECTION('center_axis',(0.,-1.,0.));
#1658=DIRECTION('ref_axis',(1.,0.,0.));
#1659=DIRECTION('',(-1.,0.,0.));
#1660=DIRECTION('center_axis',(0.,0.,1.));
#1661=DIRECTION('ref_axis',(-1.,0.,0.));
#1662=DIRECTION('',(0.,0.,-1.));
#1663=DIRECTION('center_axis',(0.,-1.,0.));
#1664=DIRECTION('ref_axis',(1.,0.,0.));
#1665=DIRECTION('center_axis',(0.984807753012208,0.17364817766693,0.));
#1666=DIRECTION('ref_axis',(-0.17364817766693,0.984807753012208,0.));
#1667=DIRECTION('',(0.17364817766693,-0.984807753012208,0.));
#1668=DIRECTION('center_axis',(0.,0.,1.));
#1669=DIRECTION('ref_axis',(-1.,0.,0.));
#1670=DIRECTION('center_axis',(0.,0.,-1.));
#1671=DIRECTION('ref_axis',(0.,1.,0.));
#1672=DIRECTION('',(1.93082265152201E-16,1.,0.));
#1673=DIRECTION('center_axis',(0.,0.,-1.));
#1674=DIRECTION('ref_axis',(-1.,2.22044604925032E-15,0.));
#1675=DIRECTION('',(-1.,2.36217664813863E-17,0.));
#1676=DIRECTION('center_axis',(0.,0.,-1.));
#1677=DIRECTION('ref_axis',(0.,-1.,0.));
#1678=DIRECTION('',(1.93082265152201E-16,-1.,0.));
#1679=DIRECTION('center_axis',(0.,0.,-1.));
#1680=DIRECTION('ref_axis',(1.,0.,0.));
#1681=DIRECTION('',(1.,0.,0.));
#1682=DIRECTION('center_axis',(0.,0.,1.));
#1683=DIRECTION('ref_axis',(0.,-1.,0.));
#1684=DIRECTION('',(0.,0.,1.));
#1685=DIRECTION('center_axis',(0.,0.,-1.));
#1686=DIRECTION('ref_axis',(0.,-1.,0.));
#1687=DIRECTION('',(0.,0.,1.));
#1688=DIRECTION('center_axis',(2.36217664813863E-17,1.,0.));
#1689=DIRECTION('ref_axis',(-1.,2.36217664813863E-17,0.));
#1690=DIRECTION('',(0.,0.,1.));
#1691=DIRECTION('',(-1.,2.36217664813863E-17,0.));
#1692=DIRECTION('center_axis',(0.,0.,1.));
#1693=DIRECTION('ref_axis',(-1.,2.22044604925032E-15,0.));
#1694=DIRECTION('',(0.,0.,1.));
#1695=DIRECTION('center_axis',(0.,0.,-1.));
#1696=DIRECTION('ref_axis',(-1.,2.22044604925032E-15,0.));
#1697=DIRECTION('center_axis',(1.,-1.93082265152201E-16,0.));
#1698=DIRECTION('ref_axis',(1.93082265152201E-16,1.,0.));
#1699=DIRECTION('',(0.,0.,1.));
#1700=DIRECTION('',(1.93082265152201E-16,1.,0.));
#1701=DIRECTION('center_axis',(-1.,-1.93082265152201E-16,0.));
#1702=DIRECTION('ref_axis',(1.93082265152201E-16,-1.,0.));
#1703=DIRECTION('',(1.93082265152201E-16,-1.,0.));
#1704=DIRECTION('',(0.,0.,1.));
#1705=DIRECTION('center_axis',(0.,0.,1.));
#1706=DIRECTION('ref_axis',(1.,0.,0.));
#1707=DIRECTION('center_axis',(0.,0.,-1.));
#1708=DIRECTION('ref_axis',(1.,0.,0.));
#1709=DIRECTION('',(0.,0.,1.));
#1710=DIRECTION('center_axis',(0.,-1.,0.));
#1711=DIRECTION('ref_axis',(1.,0.,0.));
#1712=DIRECTION('',(1.,0.,0.));
#1713=DIRECTION('',(0.,0.,1.));
#1714=DIRECTION('center_axis',(0.,0.,1.));
#1715=DIRECTION('ref_axis',(0.,1.,0.));
#1716=DIRECTION('center_axis',(0.,0.,-1.));
#1717=DIRECTION('ref_axis',(0.,1.,0.));
#1718=DIRECTION('center_axis',(0.,0.,1.));
#1719=DIRECTION('ref_axis',(-1.,0.,0.));
#1720=DIRECTION('center_axis',(0.,0.,1.));
#1721=DIRECTION('ref_axis',(-1.,0.,0.));
#1722=DIRECTION('center_axis',(0.,0.,1.));
#1723=DIRECTION('ref_axis',(-1.,0.,0.));
#1724=DIRECTION('',(0.,0.,1.));
#1725=DIRECTION('center_axis',(-1.,-2.69144975666705E-16,0.));
#1726=DIRECTION('ref_axis',(2.69144975666705E-16,-1.,0.));
#1727=DIRECTION('',(-2.69144975666705E-16,1.,0.));
#1728=DIRECTION('',(2.69144975666705E-16,-1.,0.));
#1729=DIRECTION('',(0.,0.,1.));
#1730=DIRECTION('center_axis',(0.,0.,1.));
#1731=DIRECTION('ref_axis',(0.,1.,0.));
#1732=DIRECTION('center_axis',(0.,0.,1.));
#1733=DIRECTION('ref_axis',(0.,1.,0.));
#1734=DIRECTION('center_axis',(0.,0.,1.));
#1735=DIRECTION('ref_axis',(0.,1.,0.));
#1736=DIRECTION('',(0.,0.,1.));
#1737=DIRECTION('center_axis',(0.,1.,0.));
#1738=DIRECTION('ref_axis',(-1.,0.,0.));
#1739=DIRECTION('',(1.,0.,0.));
#1740=DIRECTION('',(-1.,0.,0.));
#1741=DIRECTION('',(0.,0.,1.));
#1742=DIRECTION('center_axis',(0.,0.,1.));
#1743=DIRECTION('ref_axis',(1.,8.88178419700124E-16,0.));
#1744=DIRECTION('center_axis',(0.,0.,1.));
#1745=DIRECTION('ref_axis',(1.,8.88178419700124E-16,0.));
#1746=DIRECTION('center_axis',(0.,0.,1.));
#1747=DIRECTION('ref_axis',(1.,8.88178419700124E-16,0.));
#1748=DIRECTION('',(0.,0.,1.));
#1749=DIRECTION('center_axis',(1.,-1.34572487833352E-16,0.));
#1750=DIRECTION('ref_axis',(1.34572487833352E-16,1.,0.));
#1751=DIRECTION('',(-1.34572487833352E-16,-1.,0.));
#1752=DIRECTION('',(1.34572487833352E-16,1.,0.));
#1753=DIRECTION('',(0.,0.,1.));
#1754=DIRECTION('center_axis',(0.,0.,1.));
#1755=DIRECTION('ref_axis',(1.77635683940025E-15,-1.,0.));
#1756=DIRECTION('center_axis',(0.,0.,1.));
#1757=DIRECTION('ref_axis',(1.77635683940025E-15,-1.,0.));
#1758=DIRECTION('center_axis',(0.,0.,1.));
#1759=DIRECTION('ref_axis',(1.77635683940025E-15,-1.,0.));
#1760=DIRECTION('center_axis',(0.,0.,1.));
#1761=DIRECTION('ref_axis',(-1.,0.,0.));
#1762=DIRECTION('center_axis',(0.,0.,1.));
#1763=DIRECTION('ref_axis',(-1.,0.,0.));
#1764=DIRECTION('center_axis',(0.,0.,1.));
#1765=DIRECTION('ref_axis',(-1.,0.,0.));
#1766=DIRECTION('center_axis',(0.,0.,1.));
#1767=DIRECTION('ref_axis',(-1.,0.,0.));
#1768=DIRECTION('center_axis',(0.,0.,1.));
#1769=DIRECTION('ref_axis',(-1.,0.,0.));
#1770=CARTESIAN_POINT('',(0.,0.,0.));
#1771=CARTESIAN_POINT('Origin',(-44.26,-29.74,-3.5));
#1772=CARTESIAN_POINT('',(-44.86,-29.74,-1.11022302462516E-15));
#1773=CARTESIAN_POINT('Origin',(-44.26,-29.74,-1.11022302462516E-15));
#1774=CARTESIAN_POINT('',(-44.86,-29.74,4.5));
#1775=CARTESIAN_POINT('',(-44.86,-29.74,-3.5));
#1776=CARTESIAN_POINT('Origin',(-44.26,-29.74,4.5));
#1777=CARTESIAN_POINT('Origin',(-44.26,-29.74,4.5));
#1778=CARTESIAN_POINT('Origin',(-44.54,-11.22,-3.5));
#1779=CARTESIAN_POINT('',(-45.14,-11.22,-1.11022302462516E-15));
#1780=CARTESIAN_POINT('Origin',(-44.54,-11.22,-1.11022302462516E-15));
#1781=CARTESIAN_POINT('',(-45.14,-11.22,4.5));
#1782=CARTESIAN_POINT('',(-45.14,-11.22,-3.5));
#1783=CARTESIAN_POINT('Origin',(-44.54,-11.22,4.5));
#1784=CARTESIAN_POINT('Origin',(-44.54,-11.22,4.5));
#1785=CARTESIAN_POINT('Origin',(45.14,10.92,-3.5));
#1786=CARTESIAN_POINT('',(44.54,10.92,-1.11022302462516E-15));
#1787=CARTESIAN_POINT('Origin',(45.14,10.92,-1.11022302462516E-15));
#1788=CARTESIAN_POINT('',(44.54,10.92,4.5));
#1789=CARTESIAN_POINT('',(44.54,10.92,-3.5));
#1790=CARTESIAN_POINT('Origin',(45.14,10.92,4.5));
#1791=CARTESIAN_POINT('Origin',(45.14,10.92,4.5));
#1792=CARTESIAN_POINT('Origin',(45.14,10.92,8.5));
#1793=CARTESIAN_POINT('',(43.54,10.92,-1.11022302462516E-15));
#1794=CARTESIAN_POINT('Origin',(45.14,10.92,-1.11022302462516E-15));
#1795=CARTESIAN_POINT('',(43.54,10.92,8.5));
#1796=CARTESIAN_POINT('',(43.54,10.92,8.5));
#1797=CARTESIAN_POINT('Origin',(45.14,10.92,8.5));
#1798=CARTESIAN_POINT('Origin',(45.14,10.92,-1.11022302462516E-15));
#1799=CARTESIAN_POINT('Origin',(-44.26,-29.74,8.5));
#1800=CARTESIAN_POINT('',(-45.86,-29.74,-1.11022302462516E-15));
#1801=CARTESIAN_POINT('Origin',(-44.26,-29.74,-1.11022302462516E-15));
#1802=CARTESIAN_POINT('',(-45.86,-29.74,8.5));
#1803=CARTESIAN_POINT('',(-45.86,-29.74,8.5));
#1804=CARTESIAN_POINT('Origin',(-44.26,-29.74,8.5));
#1805=CARTESIAN_POINT('Origin',(-44.26,-29.74,-1.11022302462516E-15));
#1806=CARTESIAN_POINT('Origin',(-44.54,-11.22,8.5));
#1807=CARTESIAN_POINT('',(-46.14,-11.22,-1.11022302462516E-15));
#1808=CARTESIAN_POINT('Origin',(-44.54,-11.22,-1.11022302462516E-15));
#1809=CARTESIAN_POINT('',(-46.14,-11.22,8.5));
#1810=CARTESIAN_POINT('',(-46.14,-11.22,8.5));
#1811=CARTESIAN_POINT('Origin',(-44.54,-11.22,8.5));
#1812=CARTESIAN_POINT('Origin',(-44.54,-11.22,-1.11022302462516E-15));
#1813=CARTESIAN_POINT('Origin',(35.5965904508753,-37.5,8.5));
#1814=CARTESIAN_POINT('',(36.0889943273814,-37.4131759111665,10.7));
#1815=CARTESIAN_POINT('',(35.5965904508753,-38.,10.7));
#1816=CARTESIAN_POINT('Origin',(35.5965904508753,-37.5,10.7));
#1817=CARTESIAN_POINT('',(35.5965904508753,-38.,10.));
#1818=CARTESIAN_POINT('',(35.5965904508753,-38.,8.5));
#1819=CARTESIAN_POINT('',(36.0889943273814,-37.4131759111665,10.));
#1820=CARTESIAN_POINT('Origin',(35.5965904508753,-37.5,10.));
#1821=CARTESIAN_POINT('',(36.0889943273814,-37.4131759111665,8.5));
#1822=CARTESIAN_POINT('Origin',(-48.,-38.,8.5));
#1823=CARTESIAN_POINT('',(48.,-38.,10.));
#1824=CARTESIAN_POINT('',(48.,-38.,10.));
#1825=CARTESIAN_POINT('',(-35.5965904508753,-38.,10.7));
#1826=CARTESIAN_POINT('',(48.,-38.,10.7));
#1827=CARTESIAN_POINT('',(-35.5965904508753,-38.,10.));
#1828=CARTESIAN_POINT('',(-35.5965904508753,-38.,8.5));
#1829=CARTESIAN_POINT('',(-48.,-38.,10.));
#1830=CARTESIAN_POINT('',(48.,-38.,10.));
#1831=CARTESIAN_POINT('',(-48.,-38.,8.5));
#1832=CARTESIAN_POINT('',(-48.,-38.,8.5));
#1833=CARTESIAN_POINT('',(48.,-38.,8.5));
#1834=CARTESIAN_POINT('',(48.,-38.,8.5));
#1835=CARTESIAN_POINT('',(48.,-38.,8.5));
#1836=CARTESIAN_POINT('Origin',(4.44089209850063E-15,-29.0925036031506,
10.7));
#1837=CARTESIAN_POINT('',(33.1969114783514,-21.0113590286343,10.7));
#1838=CARTESIAN_POINT('',(36.1924672471724,-38.,10.7));
#1839=CARTESIAN_POINT('',(32.2121037253392,-20.1850072063013,10.7));
#1840=CARTESIAN_POINT('Origin',(32.2121037253392,-21.1850072063013,10.7));
#1841=CARTESIAN_POINT('',(-32.2121037253392,-20.1850072063013,10.7));
#1842=CARTESIAN_POINT('',(33.0512033565165,-20.1850072063013,10.7));
#1843=CARTESIAN_POINT('',(-33.1969114783514,-21.0113590286343,10.7));
#1844=CARTESIAN_POINT('Origin',(-32.2121037253392,-21.1850072063013,10.7));
#1845=CARTESIAN_POINT('',(-36.0889943273814,-37.4131759111665,10.7));
#1846=CARTESIAN_POINT('',(-36.1924672471724,-38.,10.7));
#1847=CARTESIAN_POINT('Origin',(-35.5965904508753,-37.5,10.7));
#1848=CARTESIAN_POINT('',(27.1443504353793,-29.1943144005512,10.7));
#1849=CARTESIAN_POINT('Origin',(24.4581907568783,-29.1943144005512,10.7));
#1850=CARTESIAN_POINT('',(-15.,-25.,10.7));
#1851=CARTESIAN_POINT('',(-12.2997837910312,-25.,10.7));
#1852=CARTESIAN_POINT('',(-15.,-25.,10.7));
#1853=CARTESIAN_POINT('',(-12.2997837910312,-28.2046766242613,10.7));
#1854=CARTESIAN_POINT('',(-12.2997837910312,-25.,10.7));
#1855=CARTESIAN_POINT('Ctrl Pts',(-12.2997837910312,-28.2046766242613,10.7));
#1856=CARTESIAN_POINT('Ctrl Pts',(-12.301725141728,-28.2583867920748,10.7));
#1857=CARTESIAN_POINT('Ctrl Pts',(-12.3127752586032,-28.3619049787618,10.7));
#1858=CARTESIAN_POINT('Ctrl Pts',(-12.35085336398,-28.5054756646423,10.7));
#1859=CARTESIAN_POINT('Ctrl Pts',(-12.4447363287658,-28.6734302530381,10.7));
#1860=CARTESIAN_POINT('Ctrl Pts',(-12.6331931184439,-28.8440379331994,10.7));
#1861=CARTESIAN_POINT('Ctrl Pts',(-12.8892341635833,-28.9753170955337,10.7));
#1862=CARTESIAN_POINT('Ctrl Pts',(-13.2051054222914,-29.067721759953,10.7));
#1863=CARTESIAN_POINT('Ctrl Pts',(-13.5665102492693,-29.1225706093154,10.7));
#1864=CARTESIAN_POINT('Ctrl Pts',(-13.9539905873908,-29.1416482686332,10.7));
#1865=CARTESIAN_POINT('Ctrl Pts',(-14.3459741580633,-29.1264503506299,10.7));
#1866=CARTESIAN_POINT('Ctrl Pts',(-14.7212982676025,-29.0775274022563,10.7));
#1867=CARTESIAN_POINT('Ctrl Pts',(-15.0618389182822,-28.9938576261837,10.7));
#1868=CARTESIAN_POINT('Ctrl Pts',(-15.3553703552148,-28.8720595527078,10.7));
#1869=CARTESIAN_POINT('Ctrl Pts',(-15.5976672374917,-28.7060998348894,10.7));
#1870=CARTESIAN_POINT('Ctrl Pts',(-15.7898135716117,-28.4897751893519,10.7));
#1871=CARTESIAN_POINT('Ctrl Pts',(-15.9360896211764,-28.2189889974017,10.7));
#1872=CARTESIAN_POINT('Ctrl Pts',(-16.0418219669891,-27.8939161175039,10.7));
#1873=CARTESIAN_POINT('Ctrl Pts',(-16.1109951975266,-27.5218236610963,10.7));
#1874=CARTESIAN_POINT('Ctrl Pts',(-16.1449702570101,-27.1178684561526,10.7));
#1875=CARTESIAN_POINT('Ctrl Pts',(-16.1434465095823,-26.7017995214774,10.7));
#1876=CARTESIAN_POINT('Ctrl Pts',(-16.1049210831641,-26.2956598056844,10.7));
#1877=CARTESIAN_POINT('Ctrl Pts',(-16.0273752922426,-25.9210187044984,10.7));
#1878=CARTESIAN_POINT('Ctrl Pts',(-15.9088169369768,-25.5966591633289,10.7));
#1879=CARTESIAN_POINT('Ctrl Pts',(-15.7480406532427,-25.3354030522268,10.7));
#1880=CARTESIAN_POINT('Ctrl Pts',(-15.544666487613,-25.1441759118529,10.7));
#1881=CARTESIAN_POINT('Ctrl Pts',(-15.3479319988264,-25.0496784822439,10.7));
#1882=CARTESIAN_POINT('Ctrl Pts',(-15.1813485733716,-25.0119729584103,10.7));
#1883=CARTESIAN_POINT('Ctrl Pts',(-15.061855717985,-25.0015403187993,10.7));
#1884=CARTESIAN_POINT('Ctrl Pts',(-15.,-25.,10.7));
#1885=CARTESIAN_POINT('',(-21.7720310783772,-29.1943144005512,10.7));
#1886=CARTESIAN_POINT('Origin',(-24.4581907568782,-29.1943144005512,10.7));
#1887=CARTESIAN_POINT('',(2.24378093370795,-23.8952617904377,10.7));
#1888=CARTESIAN_POINT('Origin',(0.,-23.8952617904377,10.7));
#1889=CARTESIAN_POINT('',(12.2997837910313,-28.2046766242613,10.7));
#1890=CARTESIAN_POINT('',(12.2997837910313,-25.,10.7));
#1891=CARTESIAN_POINT('',(12.2997837910313,-25.,10.7));
#1892=CARTESIAN_POINT('',(15.,-25.,10.7));
#1893=CARTESIAN_POINT('',(15.,-25.,10.7));
#1894=CARTESIAN_POINT('Ctrl Pts',(15.,-25.,10.7));
#1895=CARTESIAN_POINT('Ctrl Pts',(15.061855717985,-25.0015403187993,10.7));
#1896=CARTESIAN_POINT('Ctrl Pts',(15.1813485733716,-25.0119729584103,10.7));
#1897=CARTESIAN_POINT('Ctrl Pts',(15.3479319988264,-25.0496784822439,10.7));
#1898=CARTESIAN_POINT('Ctrl Pts',(15.544666487613,-25.1441759118529,10.7));
#1899=CARTESIAN_POINT('Ctrl Pts',(15.7480406532427,-25.3354030522268,10.7));
#1900=CARTESIAN_POINT('Ctrl Pts',(15.9088169369768,-25.5966591633289,10.7));
#1901=CARTESIAN_POINT('Ctrl Pts',(16.0273752922426,-25.9210187044984,10.7));
#1902=CARTESIAN_POINT('Ctrl Pts',(16.1049210831641,-26.2956598056844,10.7));
#1903=CARTESIAN_POINT('Ctrl Pts',(16.1434465095823,-26.7017995214774,10.7));
#1904=CARTESIAN_POINT('Ctrl Pts',(16.1449702570101,-27.1178684561526,10.7));
#1905=CARTESIAN_POINT('Ctrl Pts',(16.1109951975266,-27.5218236610963,10.7));
#1906=CARTESIAN_POINT('Ctrl Pts',(16.0418219669891,-27.8939161175039,10.7));
#1907=CARTESIAN_POINT('Ctrl Pts',(15.9360896211764,-28.2189889974017,10.7));
#1908=CARTESIAN_POINT('Ctrl Pts',(15.7898135716118,-28.4897751893519,10.7));
#1909=CARTESIAN_POINT('Ctrl Pts',(15.5976672374917,-28.7060998348894,10.7));
#1910=CARTESIAN_POINT('Ctrl Pts',(15.3553703552148,-28.8720595527078,10.7));
#1911=CARTESIAN_POINT('Ctrl Pts',(15.0618389182822,-28.9938576261837,10.7));
#1912=CARTESIAN_POINT('Ctrl Pts',(14.7212982676025,-29.0775274022563,10.7));
#1913=CARTESIAN_POINT('Ctrl Pts',(14.3459741580633,-29.1264503506299,10.7));
#1914=CARTESIAN_POINT('Ctrl Pts',(13.9539905873909,-29.1416482686332,10.7));
#1915=CARTESIAN_POINT('Ctrl Pts',(13.5665102492693,-29.1225706093154,10.7));
#1916=CARTESIAN_POINT('Ctrl Pts',(13.2051054222914,-29.067721759953,10.7));
#1917=CARTESIAN_POINT('Ctrl Pts',(12.8892341635833,-28.9753170955337,10.7));
#1918=CARTESIAN_POINT('Ctrl Pts',(12.6331931184439,-28.8440379331994,10.7));
#1919=CARTESIAN_POINT('Ctrl Pts',(12.4447363287658,-28.6734302530381,10.7));
#1920=CARTESIAN_POINT('Ctrl Pts',(12.35085336398,-28.5054756646423,10.7));
#1921=CARTESIAN_POINT('Ctrl Pts',(12.3127752586032,-28.3619049787618,10.7));
#1922=CARTESIAN_POINT('Ctrl Pts',(12.301725141728,-28.2583867920748,10.7));
#1923=CARTESIAN_POINT('Ctrl Pts',(12.2997837910313,-28.2046766242613,10.7));
#1924=CARTESIAN_POINT('Origin',(-35.5965904508753,-37.5,8.5));
#1925=CARTESIAN_POINT('',(-36.0889943273814,-37.4131759111665,10.));
#1926=CARTESIAN_POINT('',(-36.0889943273814,-37.4131759111665,8.5));
#1927=CARTESIAN_POINT('Origin',(-35.5965904508753,-37.5,10.));
#1928=CARTESIAN_POINT('Origin',(-33.0512033565165,-20.1850072063013,8.5));
#1929=CARTESIAN_POINT('',(-33.1969114783514,-21.0113590286343,10.));
#1930=CARTESIAN_POINT('',(-33.1969114783514,-21.0113590286343,8.5));
#1931=CARTESIAN_POINT('',(-36.1924672471724,-38.,10.));
#1932=CARTESIAN_POINT('Origin',(-32.2121037253392,-21.1850072063013,8.5));
#1933=CARTESIAN_POINT('',(-32.2121037253392,-20.1850072063013,10.));
#1934=CARTESIAN_POINT('',(-32.2121037253392,-20.1850072063013,8.5));
#1935=CARTESIAN_POINT('Origin',(-32.2121037253392,-21.1850072063013,10.));
#1936=CARTESIAN_POINT('Origin',(33.0512033565165,-20.1850072063013,8.5));
#1937=CARTESIAN_POINT('',(32.2121037253392,-20.1850072063013,10.));
#1938=CARTESIAN_POINT('',(32.2121037253392,-20.1850072063013,8.5));
#1939=CARTESIAN_POINT('',(-33.0512033565165,-20.1850072063013,10.));
#1940=CARTESIAN_POINT('Origin',(32.2121037253392,-21.1850072063013,8.5));
#1941=CARTESIAN_POINT('',(33.1969114783514,-21.0113590286343,10.));
#1942=CARTESIAN_POINT('',(33.1969114783514,-21.0113590286343,8.5));
#1943=CARTESIAN_POINT('Origin',(32.2121037253392,-21.1850072063013,10.));
#1944=CARTESIAN_POINT('Origin',(0.,-23.8952617904377,9.5));
#1945=CARTESIAN_POINT('',(2.24378093370795,-23.8952617904377,9.5));
#1946=CARTESIAN_POINT('Origin',(0.,-23.8952617904377,9.5));
#1947=CARTESIAN_POINT('Origin',(-14.2223770240207,-27.0708241343166,9.5));
#1948=CARTESIAN_POINT('',(-15.,-25.,9.5));
#1949=CARTESIAN_POINT('',(-12.2997837910312,-25.,9.5));
#1950=CARTESIAN_POINT('',(-14.6111885120103,-25.,9.5));
#1951=CARTESIAN_POINT('',(-12.2997837910312,-28.2046766242613,9.5));
#1952=CARTESIAN_POINT('Ctrl Pts',(-12.2997837910312,-28.2046766242613,9.5));
#1953=CARTESIAN_POINT('Ctrl Pts',(-12.3024266332839,-28.2777945318773,9.5));
#1954=CARTESIAN_POINT('Ctrl Pts',(-12.3130391894085,-28.3465748025808,9.5));
#1955=CARTESIAN_POINT('Ctrl Pts',(-12.3316273439503,-28.4110084260768,9.5));
#1956=CARTESIAN_POINT('Ctrl Pts',(-12.3473884366065,-28.4656423763059,9.5));
#1957=CARTESIAN_POINT('Ctrl Pts',(-12.3688863505756,-28.5171505999857,9.5));
#1958=CARTESIAN_POINT('Ctrl Pts',(-12.3960960416541,-28.5655228530723,9.5));
#1959=CARTESIAN_POINT('Ctrl Pts',(-12.4193414435418,-28.6068475583019,9.5));
#1960=CARTESIAN_POINT('Ctrl Pts',(-12.4467561549814,-28.6458832629064,9.5));
#1961=CARTESIAN_POINT('Ctrl Pts',(-12.4782834217283,-28.6826251835175,9.5));
#1962=CARTESIAN_POINT('Ctrl Pts',(-12.5075078334217,-28.7166833536393,9.5));
#1963=CARTESIAN_POINT('Ctrl Pts',(-12.5402663235515,-28.7487704901519,9.5));
#1964=CARTESIAN_POINT('Ctrl Pts',(-12.5764684871675,-28.7788865133351,9.5));
#1965=CARTESIAN_POINT('Ctrl Pts',(-12.6107231928948,-28.8073824762494,9.5));
#1966=CARTESIAN_POINT('Ctrl Pts',(-12.6480612741023,-28.834113629206,9.5));
#1967=CARTESIAN_POINT('Ctrl Pts',(-12.6883600340769,-28.8590844545416,9.5));
#1968=CARTESIAN_POINT('Ctrl Pts',(-12.7263658383893,-28.8826344670438,9.5));
#1969=CARTESIAN_POINT('Ctrl Pts',(-12.7670052705348,-28.9046186937754,9.5));
#1970=CARTESIAN_POINT('Ctrl Pts',(-12.8101298900092,-28.925045993076,9.5));
#1971=CARTESIAN_POINT('Ctrl Pts',(-12.8516237400314,-28.9447008283851,9.5));
#1972=CARTESIAN_POINT('Ctrl Pts',(-12.8954186847274,-28.9629141878242,9.5));
#1973=CARTESIAN_POINT('Ctrl Pts',(-12.9413345371469,-28.9796999711831,9.5));
#1974=CARTESIAN_POINT('Ctrl Pts',(-12.9880144475994,-28.9967650766485,9.5));
#1975=CARTESIAN_POINT('Ctrl Pts',(-13.0368864053602,-29.0123547466866,9.5));
#1976=CARTESIAN_POINT('Ctrl Pts',(-13.0877065733652,-29.02649047771,9.5));
#1977=CARTESIAN_POINT('Ctrl Pts',(-13.1401819943029,-29.0410866206359,9.5));
#1978=CARTESIAN_POINT('Ctrl Pts',(-13.1947344620989,-29.0541326632192,9.5));
#1979=CARTESIAN_POINT('Ctrl Pts',(-13.2510397224478,-29.0656583499775,9.5));
#1980=CARTESIAN_POINT('Ctrl Pts',(-13.311626252004,-29.0780604125397,9.5));
#1981=CARTESIAN_POINT('Ctrl Pts',(-13.3742418616175,-29.0887023512052,9.5));
#1982=CARTESIAN_POINT('Ctrl Pts',(-13.4384212563692,-29.0976259744271,9.5));
#1983=CARTESIAN_POINT('Ctrl Pts',(-13.5120536405583,-29.107863959001,9.5));
#1984=CARTESIAN_POINT('Ctrl Pts',(-13.5877435204576,-29.1158407623892,9.5));
#1985=CARTESIAN_POINT('Ctrl Pts',(-13.664719859801,-29.1216188730697,9.5));
#1986=CARTESIAN_POINT('Ctrl Pts',(-13.763467418789,-29.1290312069132,9.5));
#1987=CARTESIAN_POINT('Ctrl Pts',(-13.8643289491299,-29.1328277708576,9.5));
#1988=CARTESIAN_POINT('Ctrl Pts',(-13.9656001601965,-29.1331136411555,9.5));
#1989=CARTESIAN_POINT('Ctrl Pts',(-14.0436625395807,-29.1333339971226,9.5));
#1990=CARTESIAN_POINT('Ctrl Pts',(-14.1219653161016,-29.1314681032971,9.5));
#1991=CARTESIAN_POINT('Ctrl Pts',(-14.1997368459283,-29.1275406027419,9.5));
#1992=CARTESIAN_POINT('Ctrl Pts',(-14.2696891684717,-29.1240079760052,9.5));
#1993=CARTESIAN_POINT('Ctrl Pts',(-14.3392106511878,-29.1188074630624,9.5));
#1994=CARTESIAN_POINT('Ctrl Pts',(-14.4077706311462,-29.1119366892133,9.5));
#1995=CARTESIAN_POINT('Ctrl Pts',(-14.4741881117309,-29.1052806270471,9.5));
#1996=CARTESIAN_POINT('Ctrl Pts',(-14.5397021673661,-29.0970573019906,9.5));
#1997=CARTESIAN_POINT('Ctrl Pts',(-14.6038759821814,-29.0872424374962,9.5));
#1998=CARTESIAN_POINT('Ctrl Pts',(-14.6617331890345,-29.0783936469587,9.5));
#1999=CARTESIAN_POINT('Ctrl Pts',(-14.7185009270321,-29.0682511093948,9.5));
#2000=CARTESIAN_POINT('Ctrl Pts',(-14.7739034092742,-29.0567783038867,9.5));
#2001=CARTESIAN_POINT('Ctrl Pts',(-14.8272145996219,-29.0457385653494,9.5));
#2002=CARTESIAN_POINT('Ctrl Pts',(-14.8792614464557,-29.0334670587811,9.5));
#2003=CARTESIAN_POINT('Ctrl Pts',(-14.9298441512857,-29.0199135716262,9.5));
#2004=CARTESIAN_POINT('Ctrl Pts',(-14.9789534546495,-29.0067548780655,9.5));
#2005=CARTESIAN_POINT('Ctrl Pts',(-15.0266824896949,-28.9923877753804,9.5));
#2006=CARTESIAN_POINT('Ctrl Pts',(-15.0728953605413,-28.9767497649972,9.5));
#2007=CARTESIAN_POINT('Ctrl Pts',(-15.1215704554255,-28.9602785606496,9.5));
#2008=CARTESIAN_POINT('Ctrl Pts',(-15.1685633187958,-28.9423971856856,9.5));
#2009=CARTESIAN_POINT('Ctrl Pts',(-15.2137737627212,-28.9230144749588,9.5));
#2010=CARTESIAN_POINT('Ctrl Pts',(-15.2613519607149,-28.9026166560359,9.5));
#2011=CARTESIAN_POINT('Ctrl Pts',(-15.3069564324516,-28.8805555004602,9.5));
#2012=CARTESIAN_POINT('Ctrl Pts',(-15.350532059411,-28.8567125176475,9.5));
#2013=CARTESIAN_POINT('Ctrl Pts',(-15.3963254477338,-28.8316560572612,9.5));
#2014=CARTESIAN_POINT('Ctrl Pts',(-15.4398786185912,-28.8046309021587,9.5));
#2015=CARTESIAN_POINT('Ctrl Pts',(-15.4811882539555,-28.7754984133628,9.5));
#2016=CARTESIAN_POINT('Ctrl Pts',(-15.523961250787,-28.7453339289763,9.5));
#2017=CARTESIAN_POINT('Ctrl Pts',(-15.5643296002746,-28.7129090379395,9.5));
#2018=CARTESIAN_POINT('Ctrl Pts',(-15.6023449069492,-28.6780843073256,9.5));
#2019=CARTESIAN_POINT('Ctrl Pts',(-15.6404118021048,-28.643212317986,9.5));
#2020=CARTESIAN_POINT('Ctrl Pts',(-15.6761202927015,-28.6059328956707,9.5));
#2021=CARTESIAN_POINT('Ctrl Pts',(-15.7095634081938,-28.5661370554663,9.5));
#2022=CARTESIAN_POINT('Ctrl Pts',(-15.7417673135316,-28.5278158209785,9.5));
#2023=CARTESIAN_POINT('Ctrl Pts',(-15.7718716792631,-28.4871605395967,9.5));
#2024=CARTESIAN_POINT('Ctrl Pts',(-15.7999821410333,-28.4441148506636,9.5));
#2025=CARTESIAN_POINT('Ctrl Pts',(-15.8264119662625,-28.4036427287658,9.5));
#2026=CARTESIAN_POINT('Ctrl Pts',(-15.8510800132027,-28.3610570804121,9.5));
#2027=CARTESIAN_POINT('Ctrl Pts',(-15.8740811897853,-28.3163548648481,9.5));
#2028=CARTESIAN_POINT('Ctrl Pts',(-15.8959122451592,-28.2739267507986,9.5));
#2029=CARTESIAN_POINT('Ctrl Pts',(-15.9162422729878,-28.2295916533155,9.5));
#2030=CARTESIAN_POINT('Ctrl Pts',(-15.9351493459596,-28.1833926765854,9.5));
#2031=CARTESIAN_POINT('Ctrl Pts',(-15.9536417978211,-28.1382068165373,9.5));
#2032=CARTESIAN_POINT('Ctrl Pts',(-15.9707733276554,-28.0912378080938,9.5));
#2033=CARTESIAN_POINT('Ctrl Pts',(-15.986607412553,-28.0425746650865,9.5));
#2034=CARTESIAN_POINT('Ctrl Pts',(-16.0022246973422,-27.9945778172739,9.5));
#2035=CARTESIAN_POINT('Ctrl Pts',(-16.0165800422255,-27.9449328670645,9.5));
#2036=CARTESIAN_POINT('Ctrl Pts',(-16.0297213095262,-27.8937739345074,9.5));
#2037=CARTESIAN_POINT('Ctrl Pts',(-16.0431806761304,-27.8413766418716,9.5));
#2038=CARTESIAN_POINT('Ctrl Pts',(-16.0553666172224,-27.7873911619873,9.5));
#2039=CARTESIAN_POINT('Ctrl Pts',(-16.0663132815916,-27.732015172785,9.5));
#2040=CARTESIAN_POINT('Ctrl Pts',(-16.0779070928747,-27.6733654556863,9.5));
#2041=CARTESIAN_POINT('Ctrl Pts',(-16.088110694215,-27.6131563048216,9.5));
#2042=CARTESIAN_POINT('Ctrl Pts',(-16.0969454812064,-27.5516787277896,9.5));
#2043=CARTESIAN_POINT('Ctrl Pts',(-16.1063998126312,-27.4858900009057,9.5));
#2044=CARTESIAN_POINT('Ctrl Pts',(-16.11428654267,-27.4186491958988,9.5));
#2045=CARTESIAN_POINT('Ctrl Pts',(-16.1206119101881,-27.3503686228915,9.5));
#2046=CARTESIAN_POINT('Ctrl Pts',(-16.1278115358243,-27.2726506780494,9.5));
#2047=CARTESIAN_POINT('Ctrl Pts',(-16.1329886184439,-27.1935858030155,9.5));
#2048=CARTESIAN_POINT('Ctrl Pts',(-16.1361254197579,-27.1138481269448,9.5));
#2049=CARTESIAN_POINT('Ctrl Pts',(-16.1396740446767,-27.0236418703338,9.5));
#2050=CARTESIAN_POINT('Ctrl Pts',(-16.1406114822579,-26.9325763116192,9.5));
#2051=CARTESIAN_POINT('Ctrl Pts',(-16.1388767167358,-26.8416936803884,9.5));
#2052=CARTESIAN_POINT('Ctrl Pts',(-16.1368504706868,-26.7355406757865,9.5));
#2053=CARTESIAN_POINT('Ctrl Pts',(-16.1311779027816,-26.6296434699444,9.5));
#2054=CARTESIAN_POINT('Ctrl Pts',(-16.1217215006363,-26.5256833067602,9.5));
#2055=CARTESIAN_POINT('Ctrl Pts',(-16.1144257101494,-26.4454761034366,9.5));
#2056=CARTESIAN_POINT('Ctrl Pts',(-16.1048765565618,-26.3664232471537,9.5));
#2057=CARTESIAN_POINT('Ctrl Pts',(-16.0930034080452,-26.2892636087269,9.5));
#2058=CARTESIAN_POINT('Ctrl Pts',(-16.0825562913888,-26.2213712764877,9.5));
#2059=CARTESIAN_POINT('Ctrl Pts',(-16.0703095643266,-26.1549453095037,9.5));
#2060=CARTESIAN_POINT('Ctrl Pts',(-16.0562158551194,-26.0904496460224,9.5));
#2061=CARTESIAN_POINT('Ctrl Pts',(-16.0431856969724,-26.0308210072725,9.5));
#2062=CARTESIAN_POINT('Ctrl Pts',(-16.0285765963443,-25.9728428127384,9.5));
#2063=CARTESIAN_POINT('Ctrl Pts',(-16.0123554187371,-25.91683786525,9.5));
#2064=CARTESIAN_POINT('Ctrl Pts',(-15.9963977096047,-25.8617425643021,9.5));
#2065=CARTESIAN_POINT('Ctrl Pts',(-15.9788797942829,-25.8085571257085,9.5));
#2066=CARTESIAN_POINT('Ctrl Pts',(-15.9597767175787,-25.7575380792313,9.5));
#2067=CARTESIAN_POINT('Ctrl Pts',(-15.940649555786,-25.7064547081288,9.5));
#2068=CARTESIAN_POINT('Ctrl Pts',(-15.9199332207378,-25.6575431881852,9.5));
#2069=CARTESIAN_POINT('Ctrl Pts',(-15.8976097160062,-25.611009226866,9.5));
#2070=CARTESIAN_POINT('Ctrl Pts',(-15.8741701588442,-25.5621488234735,9.5));
#2071=CARTESIAN_POINT('Ctrl Pts',(-15.848958713265,-25.5159097537466,9.5));
#2072=CARTESIAN_POINT('Ctrl Pts',(-15.8219627596682,-25.4724706162666,9.5));
#2073=CARTESIAN_POINT('Ctrl Pts',(-15.7936064577586,-25.4268425449094,9.5));
#2074=CARTESIAN_POINT('Ctrl Pts',(-15.7632813736346,-25.3843033196151,9.5));
#2075=CARTESIAN_POINT('Ctrl Pts',(-15.7309807599064,-25.3449987734689,9.5));
#2076=CARTESIAN_POINT('Ctrl Pts',(-15.6970512538184,-25.3037121326334,9.5));
#2077=CARTESIAN_POINT('Ctrl Pts',(-15.6609420547024,-25.26599422278,9.5));
#2078=CARTESIAN_POINT('Ctrl Pts',(-15.622651998863,-25.2319551688542,9.5));
#2079=CARTESIAN_POINT('Ctrl Pts',(-15.5800725925751,-25.1941029726378,9.5));
#2080=CARTESIAN_POINT('Ctrl Pts',(-15.534796443313,-25.1608000188042,9.5));
#2081=CARTESIAN_POINT('Ctrl Pts',(-15.486828556666,-25.1321288070798,9.5));
#2082=CARTESIAN_POINT('Ctrl Pts',(-15.4336155841389,-25.1003225194057,9.5));
#2083=CARTESIAN_POINT('Ctrl Pts',(-15.377090350851,-25.074215234089,9.5));
#2084=CARTESIAN_POINT('Ctrl Pts',(-15.3172642210986,-25.0538464316149,9.5));
#2085=CARTESIAN_POINT('Ctrl Pts',(-15.2297342211853,-25.024045385046,9.5));
#2086=CARTESIAN_POINT('Ctrl Pts',(-15.1351406807713,-25.0065248224575,9.5));
#2087=CARTESIAN_POINT('Ctrl Pts',(-15.0335083500485,-25.0012786792764,9.5));
#2088=CARTESIAN_POINT('Ctrl Pts',(-15.0224226765831,-25.0007064496537,9.5));
#2089=CARTESIAN_POINT('Ctrl Pts',(-15.0112532252406,-25.0002802255791,9.5));
#2090=CARTESIAN_POINT('Ctrl Pts',(-15.,-25.,9.5));
#2091=CARTESIAN_POINT('',(-12.2997837910312,-26.0354120671583,9.5));
#2092=CARTESIAN_POINT('Origin',(-12.2997837910312,-25.,8.5));
#2093=CARTESIAN_POINT('',(-12.2997837910312,-28.2046766242613,8.5));
#2094=CARTESIAN_POINT('',(-12.2997837910312,-25.,8.5));
#2095=CARTESIAN_POINT('Ctrl Pts',(-12.2997837910312,-28.2046766242613,8.5));
#2096=CARTESIAN_POINT('Ctrl Pts',(-12.2997837910312,-28.2046766242613,10.7));
#2097=CARTESIAN_POINT('Ctrl Pts',(-12.301725141728,-28.2583867920748,8.5));
#2098=CARTESIAN_POINT('Ctrl Pts',(-12.301725141728,-28.2583867920748,10.7));
#2099=CARTESIAN_POINT('Ctrl Pts',(-12.3127752586032,-28.3619049787618,8.5));
#2100=CARTESIAN_POINT('Ctrl Pts',(-12.3127752586032,-28.3619049787618,10.7));
#2101=CARTESIAN_POINT('Ctrl Pts',(-12.35085336398,-28.5054756646423,8.5));
#2102=CARTESIAN_POINT('Ctrl Pts',(-12.35085336398,-28.5054756646423,10.7));
#2103=CARTESIAN_POINT('Ctrl Pts',(-12.4447363287658,-28.6734302530381,8.5));
#2104=CARTESIAN_POINT('Ctrl Pts',(-12.4447363287658,-28.6734302530381,10.7));
#2105=CARTESIAN_POINT('Ctrl Pts',(-12.6331931184439,-28.8440379331994,8.5));
#2106=CARTESIAN_POINT('Ctrl Pts',(-12.6331931184439,-28.8440379331994,10.7));
#2107=CARTESIAN_POINT('Ctrl Pts',(-12.8892341635833,-28.9753170955337,8.5));
#2108=CARTESIAN_POINT('Ctrl Pts',(-12.8892341635833,-28.9753170955337,10.7));
#2109=CARTESIAN_POINT('Ctrl Pts',(-13.2051054222914,-29.067721759953,8.5));
#2110=CARTESIAN_POINT('Ctrl Pts',(-13.2051054222914,-29.067721759953,10.7));
#2111=CARTESIAN_POINT('Ctrl Pts',(-13.5665102492693,-29.1225706093154,8.5));
#2112=CARTESIAN_POINT('Ctrl Pts',(-13.5665102492693,-29.1225706093154,10.7));
#2113=CARTESIAN_POINT('Ctrl Pts',(-13.9539905873908,-29.1416482686332,8.5));
#2114=CARTESIAN_POINT('Ctrl Pts',(-13.9539905873908,-29.1416482686332,10.7));
#2115=CARTESIAN_POINT('Ctrl Pts',(-14.3459741580633,-29.1264503506299,8.5));
#2116=CARTESIAN_POINT('Ctrl Pts',(-14.3459741580633,-29.1264503506299,10.7));
#2117=CARTESIAN_POINT('Ctrl Pts',(-14.7212982676025,-29.0775274022563,8.5));
#2118=CARTESIAN_POINT('Ctrl Pts',(-14.7212982676025,-29.0775274022563,10.7));
#2119=CARTESIAN_POINT('Ctrl Pts',(-15.0618389182822,-28.9938576261837,8.5));
#2120=CARTESIAN_POINT('Ctrl Pts',(-15.0618389182822,-28.9938576261837,10.7));
#2121=CARTESIAN_POINT('Ctrl Pts',(-15.3553703552148,-28.8720595527078,8.5));
#2122=CARTESIAN_POINT('Ctrl Pts',(-15.3553703552148,-28.8720595527078,10.7));
#2123=CARTESIAN_POINT('Ctrl Pts',(-15.5976672374917,-28.7060998348894,8.5));
#2124=CARTESIAN_POINT('Ctrl Pts',(-15.5976672374917,-28.7060998348894,10.7));
#2125=CARTESIAN_POINT('Ctrl Pts',(-15.7898135716117,-28.4897751893519,8.5));
#2126=CARTESIAN_POINT('Ctrl Pts',(-15.7898135716117,-28.4897751893519,10.7));
#2127=CARTESIAN_POINT('Ctrl Pts',(-15.9360896211764,-28.2189889974017,8.5));
#2128=CARTESIAN_POINT('Ctrl Pts',(-15.9360896211764,-28.2189889974017,10.7));
#2129=CARTESIAN_POINT('Ctrl Pts',(-16.0418219669891,-27.8939161175039,8.5));
#2130=CARTESIAN_POINT('Ctrl Pts',(-16.0418219669891,-27.8939161175039,10.7));
#2131=CARTESIAN_POINT('Ctrl Pts',(-16.1109951975266,-27.5218236610963,8.5));
#2132=CARTESIAN_POINT('Ctrl Pts',(-16.1109951975266,-27.5218236610963,10.7));
#2133=CARTESIAN_POINT('Ctrl Pts',(-16.1449702570101,-27.1178684561526,8.5));
#2134=CARTESIAN_POINT('Ctrl Pts',(-16.1449702570101,-27.1178684561526,10.7));
#2135=CARTESIAN_POINT('Ctrl Pts',(-16.1434465095823,-26.7017995214774,8.5));
#2136=CARTESIAN_POINT('Ctrl Pts',(-16.1434465095823,-26.7017995214774,10.7));
#2137=CARTESIAN_POINT('Ctrl Pts',(-16.1049210831641,-26.2956598056844,8.5));
#2138=CARTESIAN_POINT('Ctrl Pts',(-16.1049210831641,-26.2956598056844,10.7));
#2139=CARTESIAN_POINT('Ctrl Pts',(-16.0273752922426,-25.9210187044984,8.5));
#2140=CARTESIAN_POINT('Ctrl Pts',(-16.0273752922426,-25.9210187044984,10.7));
#2141=CARTESIAN_POINT('Ctrl Pts',(-15.9088169369768,-25.5966591633289,8.5));
#2142=CARTESIAN_POINT('Ctrl Pts',(-15.9088169369768,-25.5966591633289,10.7));
#2143=CARTESIAN_POINT('Ctrl Pts',(-15.7480406532427,-25.3354030522268,8.5));
#2144=CARTESIAN_POINT('Ctrl Pts',(-15.7480406532427,-25.3354030522268,10.7));
#2145=CARTESIAN_POINT('Ctrl Pts',(-15.544666487613,-25.1441759118529,8.5));
#2146=CARTESIAN_POINT('Ctrl Pts',(-15.544666487613,-25.1441759118529,10.7));
#2147=CARTESIAN_POINT('Ctrl Pts',(-15.3479319988264,-25.0496784822439,8.5));
#2148=CARTESIAN_POINT('Ctrl Pts',(-15.3479319988264,-25.0496784822439,10.7));
#2149=CARTESIAN_POINT('Ctrl Pts',(-15.1813485733716,-25.0119729584103,8.5));
#2150=CARTESIAN_POINT('Ctrl Pts',(-15.1813485733716,-25.0119729584103,10.7));
#2151=CARTESIAN_POINT('Ctrl Pts',(-15.061855717985,-25.0015403187993,8.5));
#2152=CARTESIAN_POINT('Ctrl Pts',(-15.061855717985,-25.0015403187993,10.7));
#2153=CARTESIAN_POINT('Ctrl Pts',(-15.,-25.,8.5));
#2154=CARTESIAN_POINT('Ctrl Pts',(-15.,-25.,10.7));
#2155=CARTESIAN_POINT('',(-15.,-25.,8.5));
#2156=CARTESIAN_POINT('Origin',(12.2997837910313,-28.2046766242613,8.5));
#2157=CARTESIAN_POINT('',(12.2997837910313,-25.,9.5));
#2158=CARTESIAN_POINT('',(12.2997837910313,-28.2046766242613,9.5));
#2159=CARTESIAN_POINT('',(12.2997837910313,-25.,9.5));
#2160=CARTESIAN_POINT('',(12.2997837910313,-25.,8.5));
#2161=CARTESIAN_POINT('',(12.2997837910313,-28.2046766242613,8.5));
#2162=CARTESIAN_POINT('Origin',(24.4581907568783,-29.1943144005512,8.5));
#2163=CARTESIAN_POINT('',(27.1443504353793,-29.1943144005512,9.5));
#2164=CARTESIAN_POINT('',(27.1443504353793,-29.1943144005512,8.5));
#2165=CARTESIAN_POINT('Origin',(24.4581907568783,-29.1943144005512,9.5));
#2166=CARTESIAN_POINT('Origin',(-24.4581907568782,-29.1943144005512,8.5));
#2167=CARTESIAN_POINT('',(-21.7720310783772,-29.1943144005512,9.5));
#2168=CARTESIAN_POINT('',(-21.7720310783772,-29.1943144005512,8.5));
#2169=CARTESIAN_POINT('Origin',(-24.4581907568782,-29.1943144005512,9.5));
#2170=CARTESIAN_POINT('Ctrl Pts',(48.953939201417,-34.5,9.3));
#2171=CARTESIAN_POINT('Ctrl Pts',(48.953939201417,-35.046060798583,9.3));
#2172=CARTESIAN_POINT('Ctrl Pts',(49.5,-35.046060798583,9.3));
#2173=CARTESIAN_POINT('Ctrl Pts',(50.0460607985831,-35.046060798583,9.3));
#2174=CARTESIAN_POINT('Ctrl Pts',(50.0460607985831,-34.5,9.3));
#2175=CARTESIAN_POINT('Ctrl Pts',(50.0460607985831,-33.953939201417,9.3));
#2176=CARTESIAN_POINT('Ctrl Pts',(49.5,-33.953939201417,9.3));
#2177=CARTESIAN_POINT('Ctrl Pts',(48.953939201417,-33.953939201417,9.3));
#2178=CARTESIAN_POINT('Ctrl Pts',(48.953939201417,-34.5,9.3));
#2179=CARTESIAN_POINT('Ctrl Pts',(48.2201398157116,-34.5,9.3));
#2180=CARTESIAN_POINT('Ctrl Pts',(48.2201398157116,-35.7798601842884,9.3));
#2181=CARTESIAN_POINT('Ctrl Pts',(49.5,-35.7798601842884,9.3));
#2182=CARTESIAN_POINT('Ctrl Pts',(50.7798601842884,-35.7798601842884,9.3));
#2183=CARTESIAN_POINT('Ctrl Pts',(50.7798601842884,-34.5,9.3));
#2184=CARTESIAN_POINT('Ctrl Pts',(50.7798601842884,-33.2201398157116,9.3));
#2185=CARTESIAN_POINT('Ctrl Pts',(49.5,-33.2201398157116,9.3));
#2186=CARTESIAN_POINT('Ctrl Pts',(48.2201398157116,-33.2201398157116,9.3));
#2187=CARTESIAN_POINT('Ctrl Pts',(48.2201398157116,-34.5,9.3));
#2188=CARTESIAN_POINT('Ctrl Pts',(48.,-34.5,10.));
#2189=CARTESIAN_POINT('Ctrl Pts',(48.,-36.,10.));
#2190=CARTESIAN_POINT('Ctrl Pts',(49.5,-36.,10.));
#2191=CARTESIAN_POINT('Ctrl Pts',(51.,-36.,10.));
#2192=CARTESIAN_POINT('Ctrl Pts',(51.,-34.5,10.));
#2193=CARTESIAN_POINT('Ctrl Pts',(51.,-33.,10.));
#2194=CARTESIAN_POINT('Ctrl Pts',(49.5,-33.,10.));
#2195=CARTESIAN_POINT('Ctrl Pts',(48.,-33.,10.));
#2196=CARTESIAN_POINT('Ctrl Pts',(48.,-34.5,10.));
#2197=CARTESIAN_POINT('',(48.,-34.5,10.));
#2198=CARTESIAN_POINT('Origin',(49.5,-34.5,10.));
#2199=CARTESIAN_POINT('',(48.953939201417,-34.5,9.3));
#2200=CARTESIAN_POINT('Origin',(48.953939201417,-34.5,10.3));
#2201=CARTESIAN_POINT('Origin',(49.5,-34.5,9.3));
#2202=CARTESIAN_POINT('Origin',(49.5,-34.5,9.3));
#2203=CARTESIAN_POINT('Ctrl Pts',(48.953939201417,35.,9.3));
#2204=CARTESIAN_POINT('Ctrl Pts',(48.953939201417,34.453939201417,9.3));
#2205=CARTESIAN_POINT('Ctrl Pts',(49.5,34.453939201417,9.3));
#2206=CARTESIAN_POINT('Ctrl Pts',(50.0460607985831,34.453939201417,9.3));
#2207=CARTESIAN_POINT('Ctrl Pts',(50.0460607985831,35.,9.3));
#2208=CARTESIAN_POINT('Ctrl Pts',(50.0460607985831,35.546060798583,9.3));
#2209=CARTESIAN_POINT('Ctrl Pts',(49.5,35.546060798583,9.3));
#2210=CARTESIAN_POINT('Ctrl Pts',(48.953939201417,35.546060798583,9.3));
#2211=CARTESIAN_POINT('Ctrl Pts',(48.953939201417,35.,9.3));
#2212=CARTESIAN_POINT('Ctrl Pts',(48.2201398157116,35.,9.3));
#2213=CARTESIAN_POINT('Ctrl Pts',(48.2201398157116,33.7201398157116,9.3));
#2214=CARTESIAN_POINT('Ctrl Pts',(49.5,33.7201398157116,9.3));
#2215=CARTESIAN_POINT('Ctrl Pts',(50.7798601842884,33.7201398157116,9.3));
#2216=CARTESIAN_POINT('Ctrl Pts',(50.7798601842884,35.,9.3));
#2217=CARTESIAN_POINT('Ctrl Pts',(50.7798601842884,36.2798601842884,9.3));
#2218=CARTESIAN_POINT('Ctrl Pts',(49.5,36.2798601842884,9.3));
#2219=CARTESIAN_POINT('Ctrl Pts',(48.2201398157116,36.2798601842884,9.3));
#2220=CARTESIAN_POINT('Ctrl Pts',(48.2201398157116,35.,9.3));
#2221=CARTESIAN_POINT('Ctrl Pts',(48.,35.,10.));
#2222=CARTESIAN_POINT('Ctrl Pts',(48.,33.5,10.));
#2223=CARTESIAN_POINT('Ctrl Pts',(49.5,33.5,10.));
#2224=CARTESIAN_POINT('Ctrl Pts',(51.,33.5,10.));
#2225=CARTESIAN_POINT('Ctrl Pts',(51.,35.,10.));
#2226=CARTESIAN_POINT('Ctrl Pts',(51.,36.5,10.));
#2227=CARTESIAN_POINT('Ctrl Pts',(49.5,36.5,10.));
#2228=CARTESIAN_POINT('Ctrl Pts',(48.,36.5,10.));
#2229=CARTESIAN_POINT('Ctrl Pts',(48.,35.,10.));
#2230=CARTESIAN_POINT('',(48.,35.,10.));
#2231=CARTESIAN_POINT('Origin',(49.5,35.,10.));
#2232=CARTESIAN_POINT('',(48.953939201417,35.,9.3));
#2233=CARTESIAN_POINT('Origin',(48.953939201417,35.,10.3));
#2234=CARTESIAN_POINT('Origin',(49.5,35.,9.3));
#2235=CARTESIAN_POINT('Origin',(49.5,35.,9.3));
#2236=CARTESIAN_POINT('Ctrl Pts',(-50.546060798583,-34.5,9.3));
#2237=CARTESIAN_POINT('Ctrl Pts',(-50.546060798583,-35.046060798583,9.3));
#2238=CARTESIAN_POINT('Ctrl Pts',(-50.,-35.046060798583,9.3));
#2239=CARTESIAN_POINT('Ctrl Pts',(-49.453939201417,-35.046060798583,9.3));
#2240=CARTESIAN_POINT('Ctrl Pts',(-49.453939201417,-34.5,9.3));
#2241=CARTESIAN_POINT('Ctrl Pts',(-49.453939201417,-33.953939201417,9.3));
#2242=CARTESIAN_POINT('Ctrl Pts',(-50.,-33.953939201417,9.3));
#2243=CARTESIAN_POINT('Ctrl Pts',(-50.546060798583,-33.953939201417,9.3));
#2244=CARTESIAN_POINT('Ctrl Pts',(-50.546060798583,-34.5,9.3));
#2245=CARTESIAN_POINT('Ctrl Pts',(-51.2798601842884,-34.5,9.3));
#2246=CARTESIAN_POINT('Ctrl Pts',(-51.2798601842884,-35.7798601842884,9.3));
#2247=CARTESIAN_POINT('Ctrl Pts',(-50.,-35.7798601842884,9.3));
#2248=CARTESIAN_POINT('Ctrl Pts',(-48.7201398157116,-35.7798601842884,9.3));
#2249=CARTESIAN_POINT('Ctrl Pts',(-48.7201398157116,-34.5,9.3));
#2250=CARTESIAN_POINT('Ctrl Pts',(-48.7201398157116,-33.2201398157116,9.3));
#2251=CARTESIAN_POINT('Ctrl Pts',(-50.,-33.2201398157116,9.3));
#2252=CARTESIAN_POINT('Ctrl Pts',(-51.2798601842884,-33.2201398157116,9.3));
#2253=CARTESIAN_POINT('Ctrl Pts',(-51.2798601842884,-34.5,9.3));
#2254=CARTESIAN_POINT('Ctrl Pts',(-51.5,-34.5,10.));
#2255=CARTESIAN_POINT('Ctrl Pts',(-51.5,-36.,10.));
#2256=CARTESIAN_POINT('Ctrl Pts',(-50.,-36.,10.));
#2257=CARTESIAN_POINT('Ctrl Pts',(-48.5,-36.,10.));
#2258=CARTESIAN_POINT('Ctrl Pts',(-48.5,-34.5,10.));
#2259=CARTESIAN_POINT('Ctrl Pts',(-48.5,-33.,10.));
#2260=CARTESIAN_POINT('Ctrl Pts',(-50.,-33.,10.));
#2261=CARTESIAN_POINT('Ctrl Pts',(-51.5,-33.,10.));
#2262=CARTESIAN_POINT('Ctrl Pts',(-51.5,-34.5,10.));
#2263=CARTESIAN_POINT('',(-51.5,-34.5,10.));
#2264=CARTESIAN_POINT('Origin',(-50.,-34.5,10.));
#2265=CARTESIAN_POINT('',(-50.546060798583,-34.5,9.3));
#2266=CARTESIAN_POINT('Origin',(-50.546060798583,-34.5,10.3));
#2267=CARTESIAN_POINT('Origin',(-50.,-34.5,9.3));
#2268=CARTESIAN_POINT('Origin',(-50.,-34.5,9.3));
#2269=CARTESIAN_POINT('Ctrl Pts',(-50.546060798583,35.,9.3));
#2270=CARTESIAN_POINT('Ctrl Pts',(-50.546060798583,34.453939201417,9.3));
#2271=CARTESIAN_POINT('Ctrl Pts',(-50.,34.453939201417,9.3));
#2272=CARTESIAN_POINT('Ctrl Pts',(-49.453939201417,34.453939201417,9.3));
#2273=CARTESIAN_POINT('Ctrl Pts',(-49.453939201417,35.,9.3));
#2274=CARTESIAN_POINT('Ctrl Pts',(-49.453939201417,35.546060798583,9.3));
#2275=CARTESIAN_POINT('Ctrl Pts',(-50.,35.546060798583,9.3));
#2276=CARTESIAN_POINT('Ctrl Pts',(-50.546060798583,35.546060798583,9.3));
#2277=CARTESIAN_POINT('Ctrl Pts',(-50.546060798583,35.,9.3));
#2278=CARTESIAN_POINT('Ctrl Pts',(-51.2798601842884,35.,9.3));
#2279=CARTESIAN_POINT('Ctrl Pts',(-51.2798601842884,33.7201398157116,9.3));
#2280=CARTESIAN_POINT('Ctrl Pts',(-50.,33.7201398157116,9.3));
#2281=CARTESIAN_POINT('Ctrl Pts',(-48.7201398157116,33.7201398157116,9.3));
#2282=CARTESIAN_POINT('Ctrl Pts',(-48.7201398157116,35.,9.3));
#2283=CARTESIAN_POINT('Ctrl Pts',(-48.7201398157116,36.2798601842884,9.3));
#2284=CARTESIAN_POINT('Ctrl Pts',(-50.,36.2798601842884,9.3));
#2285=CARTESIAN_POINT('Ctrl Pts',(-51.2798601842884,36.2798601842884,9.3));
#2286=CARTESIAN_POINT('Ctrl Pts',(-51.2798601842884,35.,9.3));
#2287=CARTESIAN_POINT('Ctrl Pts',(-51.5,35.,10.));
#2288=CARTESIAN_POINT('Ctrl Pts',(-51.5,33.5,10.));
#2289=CARTESIAN_POINT('Ctrl Pts',(-50.,33.5,10.));
#2290=CARTESIAN_POINT('Ctrl Pts',(-48.5,33.5,10.));
#2291=CARTESIAN_POINT('Ctrl Pts',(-48.5,35.,10.));
#2292=CARTESIAN_POINT('Ctrl Pts',(-48.5,36.5,10.));
#2293=CARTESIAN_POINT('Ctrl Pts',(-50.,36.5,10.));
#2294=CARTESIAN_POINT('Ctrl Pts',(-51.5,36.5,10.));
#2295=CARTESIAN_POINT('Ctrl Pts',(-51.5,35.,10.));
#2296=CARTESIAN_POINT('',(-51.5,35.,10.));
#2297=CARTESIAN_POINT('Origin',(-50.,35.,10.));
#2298=CARTESIAN_POINT('',(-50.546060798583,35.,9.3));
#2299=CARTESIAN_POINT('Origin',(-50.546060798583,35.,10.3));
#2300=CARTESIAN_POINT('Origin',(-50.,35.,9.3));
#2301=CARTESIAN_POINT('Origin',(-50.,35.,9.3));
#2302=CARTESIAN_POINT('Origin',(21.781266845271,13.218733154729,8.5));
#2303=CARTESIAN_POINT('',(-21.781266845271,13.218733154729,9.5));
#2304=CARTESIAN_POINT('',(21.781266845271,13.218733154729,9.5));
#2305=CARTESIAN_POINT('',(21.781266845271,13.218733154729,9.5));
#2306=CARTESIAN_POINT('',(-21.781266845271,13.218733154729,10.7));
#2307=CARTESIAN_POINT('',(-21.781266845271,13.218733154729,8.5));
#2308=CARTESIAN_POINT('',(21.781266845271,13.218733154729,10.7));
#2309=CARTESIAN_POINT('',(21.781266845271,13.218733154729,10.7));
#2310=CARTESIAN_POINT('',(21.781266845271,13.218733154729,8.5));
#2311=CARTESIAN_POINT('Origin',(-21.781266845271,5.,8.5));
#2312=CARTESIAN_POINT('',(-21.781266845271,-3.21873315472899,9.5));
#2313=CARTESIAN_POINT('Origin',(-21.781266845271,5.,9.5));
#2314=CARTESIAN_POINT('',(-21.781266845271,-3.21873315472899,10.7));
#2315=CARTESIAN_POINT('',(-21.781266845271,-3.21873315472899,8.5));
#2316=CARTESIAN_POINT('Origin',(-21.781266845271,5.,10.7));
#2317=CARTESIAN_POINT('Origin',(11.7342764902942,-2.04996396517188,8.5));
#2318=CARTESIAN_POINT('',(0.212065237776402,-2.04996396517188,9.5));
#2319=CARTESIAN_POINT('',(11.7342764902942,-2.04996396517189,9.5));
#2320=CARTESIAN_POINT('',(11.7342764902942,-2.04996396517188,9.5));
#2321=CARTESIAN_POINT('',(0.212065237776402,-2.04996396517188,8.5));
#2322=CARTESIAN_POINT('',(0.212065237776402,-2.04996396517188,8.5));
#2323=CARTESIAN_POINT('',(-11.3101460147414,-2.04996396517188,8.5));
#2324=CARTESIAN_POINT('',(11.7342764902942,-2.04996396517188,8.5));
#2325=CARTESIAN_POINT('',(-11.3101460147414,-2.04996396517188,10.7));
#2326=CARTESIAN_POINT('',(-11.3101460147414,-2.04996396517188,8.5));
#2327=CARTESIAN_POINT('',(11.7342764902942,-2.04996396517188,10.7));
#2328=CARTESIAN_POINT('',(11.7342764902942,-2.04996396517188,10.7));
#2329=CARTESIAN_POINT('',(11.7342764902942,-2.04996396517188,8.5));
#2330=CARTESIAN_POINT('Origin',(-21.781266845271,5.,8.5));
#2331=CARTESIAN_POINT('',(-16.7009369055313,5.,10.7));
#2332=CARTESIAN_POINT('Origin',(-21.781266845271,5.,10.7));
#2333=CARTESIAN_POINT('',(-16.7009369055313,5.,8.5));
#2334=CARTESIAN_POINT('',(-16.7009369055313,5.,8.5));
#2335=CARTESIAN_POINT('Origin',(-21.781266845271,5.,8.5));
#2336=CARTESIAN_POINT('Origin',(21.781266845271,5.,8.5));
#2337=CARTESIAN_POINT('',(27.3041987943513,5.,10.7));
#2338=CARTESIAN_POINT('Origin',(21.781266845271,5.,10.7));
#2339=CARTESIAN_POINT('',(27.3041987943513,5.,8.5));
#2340=CARTESIAN_POINT('',(27.3041987943513,5.,8.5));
#2341=CARTESIAN_POINT('Origin',(21.781266845271,5.,8.5));
#2342=CARTESIAN_POINT('Origin',(11.7342764902942,10.8153271265964,8.5));
#2343=CARTESIAN_POINT('',(11.7342764902942,10.8153271265964,8.5));
#2344=CARTESIAN_POINT('',(11.7342764902942,-2.04996396517189,8.5));
#2345=CARTESIAN_POINT('',(11.7342764902942,10.8153271265964,8.5));
#2346=CARTESIAN_POINT('',(11.7342764902942,-2.04996396517189,8.5));
#2347=CARTESIAN_POINT('',(11.7342764902942,10.8153271265964,10.7));
#2348=CARTESIAN_POINT('',(11.7342764902942,10.8153271265964,10.7));
#2349=CARTESIAN_POINT('',(11.7342764902942,10.8153271265964,9.5));
#2350=CARTESIAN_POINT('',(11.7342764902942,10.8153271265964,8.5));
#2351=CARTESIAN_POINT('',(11.7342764902942,10.8153271265964,8.5));
#2352=CARTESIAN_POINT('Origin',(-11.3101460147414,10.8153271265964,8.5));
#2353=CARTESIAN_POINT('',(0.212065237776402,10.8153271265964,9.5));
#2354=CARTESIAN_POINT('',(-11.3101460147414,10.8153271265964,9.5));
#2355=CARTESIAN_POINT('',(-11.3101460147414,10.8153271265964,10.7));
#2356=CARTESIAN_POINT('',(-11.3101460147414,10.8153271265964,10.7));
#2357=CARTESIAN_POINT('',(-11.3101460147414,10.8153271265964,8.5));
#2358=CARTESIAN_POINT('',(-11.3101460147414,10.8153271265964,8.5));
#2359=CARTESIAN_POINT('',(0.212065237776402,10.8153271265964,8.5));
#2360=CARTESIAN_POINT('',(-11.3101460147414,10.8153271265964,8.5));
#2361=CARTESIAN_POINT('',(0.212065237776402,10.8153271265964,8.5));
#2362=CARTESIAN_POINT('Origin',(-11.3101460147414,-2.04996396517188,8.5));
#2363=CARTESIAN_POINT('',(-11.3101460147414,-2.04996396517188,8.5));
#2364=CARTESIAN_POINT('',(-11.3101460147414,-2.04996396517188,10.7));
#2365=CARTESIAN_POINT('Origin',(21.781266845271,5.,8.5));
#2366=CARTESIAN_POINT('',(21.781266845271,-3.21873315472899,9.5));
#2367=CARTESIAN_POINT('Origin',(21.781266845271,5.,9.5));
#2368=CARTESIAN_POINT('',(21.781266845271,-3.21873315472899,10.7));
#2369=CARTESIAN_POINT('Origin',(21.781266845271,5.,10.7));
#2370=CARTESIAN_POINT('',(21.781266845271,-3.21873315472899,8.5));
#2371=CARTESIAN_POINT('Origin',(-21.781266845271,-3.21873315472899,8.5));
#2372=CARTESIAN_POINT('',(-21.781266845271,-3.21873315472899,9.5));
#2373=CARTESIAN_POINT('',(-21.781266845271,-3.21873315472899,10.7));
#2374=CARTESIAN_POINT('Origin',(0.,5.,10.7));
#2375=CARTESIAN_POINT('Origin',(15.7458439048978,4.38268158071228,8.5));
#2376=CARTESIAN_POINT('Origin',(15.7458439048978,4.38268158071228,8.5));
#2377=CARTESIAN_POINT('Origin',(15.7458439048978,4.38268158071228,9.5));
#2378=CARTESIAN_POINT('Origin',(-12.6986684049439,4.38268158071228,8.5));
#2379=CARTESIAN_POINT('Origin',(-12.6986684049439,4.38268158071228,8.5));
#2380=CARTESIAN_POINT('Origin',(-12.6986684049439,4.38268158071228,9.5));
#2381=CARTESIAN_POINT('Origin',(5.9731708640353,4.38268158071228,9.5));
#2382=CARTESIAN_POINT('Ctrl Pts',(15.,-25.,8.5));
#2383=CARTESIAN_POINT('Ctrl Pts',(15.,-25.,10.7));
#2384=CARTESIAN_POINT('Ctrl Pts',(15.061855717985,-25.0015403187993,8.5));
#2385=CARTESIAN_POINT('Ctrl Pts',(15.061855717985,-25.0015403187993,10.7));
#2386=CARTESIAN_POINT('Ctrl Pts',(15.1813485733716,-25.0119729584103,8.5));
#2387=CARTESIAN_POINT('Ctrl Pts',(15.1813485733716,-25.0119729584103,10.7));
#2388=CARTESIAN_POINT('Ctrl Pts',(15.3479319988264,-25.0496784822439,8.5));
#2389=CARTESIAN_POINT('Ctrl Pts',(15.3479319988264,-25.0496784822439,10.7));
#2390=CARTESIAN_POINT('Ctrl Pts',(15.544666487613,-25.1441759118529,8.5));
#2391=CARTESIAN_POINT('Ctrl Pts',(15.544666487613,-25.1441759118529,10.7));
#2392=CARTESIAN_POINT('Ctrl Pts',(15.7480406532427,-25.3354030522268,8.5));
#2393=CARTESIAN_POINT('Ctrl Pts',(15.7480406532427,-25.3354030522268,10.7));
#2394=CARTESIAN_POINT('Ctrl Pts',(15.9088169369768,-25.5966591633289,8.5));
#2395=CARTESIAN_POINT('Ctrl Pts',(15.9088169369768,-25.5966591633289,10.7));
#2396=CARTESIAN_POINT('Ctrl Pts',(16.0273752922426,-25.9210187044984,8.5));
#2397=CARTESIAN_POINT('Ctrl Pts',(16.0273752922426,-25.9210187044984,10.7));
#2398=CARTESIAN_POINT('Ctrl Pts',(16.1049210831641,-26.2956598056844,8.5));
#2399=CARTESIAN_POINT('Ctrl Pts',(16.1049210831641,-26.2956598056844,10.7));
#2400=CARTESIAN_POINT('Ctrl Pts',(16.1434465095823,-26.7017995214774,8.5));
#2401=CARTESIAN_POINT('Ctrl Pts',(16.1434465095823,-26.7017995214774,10.7));
#2402=CARTESIAN_POINT('Ctrl Pts',(16.1449702570101,-27.1178684561526,8.5));
#2403=CARTESIAN_POINT('Ctrl Pts',(16.1449702570101,-27.1178684561526,10.7));
#2404=CARTESIAN_POINT('Ctrl Pts',(16.1109951975266,-27.5218236610963,8.5));
#2405=CARTESIAN_POINT('Ctrl Pts',(16.1109951975266,-27.5218236610963,10.7));
#2406=CARTESIAN_POINT('Ctrl Pts',(16.0418219669891,-27.8939161175039,8.5));
#2407=CARTESIAN_POINT('Ctrl Pts',(16.0418219669891,-27.8939161175039,10.7));
#2408=CARTESIAN_POINT('Ctrl Pts',(15.9360896211764,-28.2189889974017,8.5));
#2409=CARTESIAN_POINT('Ctrl Pts',(15.9360896211764,-28.2189889974017,10.7));
#2410=CARTESIAN_POINT('Ctrl Pts',(15.7898135716118,-28.4897751893519,8.5));
#2411=CARTESIAN_POINT('Ctrl Pts',(15.7898135716118,-28.4897751893519,10.7));
#2412=CARTESIAN_POINT('Ctrl Pts',(15.5976672374917,-28.7060998348894,8.5));
#2413=CARTESIAN_POINT('Ctrl Pts',(15.5976672374917,-28.7060998348894,10.7));
#2414=CARTESIAN_POINT('Ctrl Pts',(15.3553703552148,-28.8720595527078,8.5));
#2415=CARTESIAN_POINT('Ctrl Pts',(15.3553703552148,-28.8720595527078,10.7));
#2416=CARTESIAN_POINT('Ctrl Pts',(15.0618389182822,-28.9938576261837,8.5));
#2417=CARTESIAN_POINT('Ctrl Pts',(15.0618389182822,-28.9938576261837,10.7));
#2418=CARTESIAN_POINT('Ctrl Pts',(14.7212982676025,-29.0775274022563,8.5));
#2419=CARTESIAN_POINT('Ctrl Pts',(14.7212982676025,-29.0775274022563,10.7));
#2420=CARTESIAN_POINT('Ctrl Pts',(14.3459741580633,-29.1264503506299,8.5));
#2421=CARTESIAN_POINT('Ctrl Pts',(14.3459741580633,-29.1264503506299,10.7));
#2422=CARTESIAN_POINT('Ctrl Pts',(13.9539905873909,-29.1416482686332,8.5));
#2423=CARTESIAN_POINT('Ctrl Pts',(13.9539905873909,-29.1416482686332,10.7));
#2424=CARTESIAN_POINT('Ctrl Pts',(13.5665102492693,-29.1225706093154,8.5));
#2425=CARTESIAN_POINT('Ctrl Pts',(13.5665102492693,-29.1225706093154,10.7));
#2426=CARTESIAN_POINT('Ctrl Pts',(13.2051054222914,-29.067721759953,8.5));
#2427=CARTESIAN_POINT('Ctrl Pts',(13.2051054222914,-29.067721759953,10.7));
#2428=CARTESIAN_POINT('Ctrl Pts',(12.8892341635833,-28.9753170955337,8.5));
#2429=CARTESIAN_POINT('Ctrl Pts',(12.8892341635833,-28.9753170955337,10.7));
#2430=CARTESIAN_POINT('Ctrl Pts',(12.6331931184439,-28.8440379331994,8.5));
#2431=CARTESIAN_POINT('Ctrl Pts',(12.6331931184439,-28.8440379331994,10.7));
#2432=CARTESIAN_POINT('Ctrl Pts',(12.4447363287658,-28.6734302530381,8.5));
#2433=CARTESIAN_POINT('Ctrl Pts',(12.4447363287658,-28.6734302530381,10.7));
#2434=CARTESIAN_POINT('Ctrl Pts',(12.35085336398,-28.5054756646423,8.5));
#2435=CARTESIAN_POINT('Ctrl Pts',(12.35085336398,-28.5054756646423,10.7));
#2436=CARTESIAN_POINT('Ctrl Pts',(12.3127752586032,-28.3619049787618,8.5));
#2437=CARTESIAN_POINT('Ctrl Pts',(12.3127752586032,-28.3619049787618,10.7));
#2438=CARTESIAN_POINT('Ctrl Pts',(12.301725141728,-28.2583867920748,8.5));
#2439=CARTESIAN_POINT('Ctrl Pts',(12.301725141728,-28.2583867920748,10.7));
#2440=CARTESIAN_POINT('Ctrl Pts',(12.2997837910313,-28.2046766242613,8.5));
#2441=CARTESIAN_POINT('Ctrl Pts',(12.2997837910313,-28.2046766242613,10.7));
#2442=CARTESIAN_POINT('',(15.,-25.,9.5));
#2443=CARTESIAN_POINT('Ctrl Pts',(12.2997837910313,-28.2046766242613,9.5));
#2444=CARTESIAN_POINT('Ctrl Pts',(12.301725141728,-28.2583867920748,9.5));
#2445=CARTESIAN_POINT('Ctrl Pts',(12.3127752586032,-28.3619049787618,9.5));
#2446=CARTESIAN_POINT('Ctrl Pts',(12.35085336398,-28.5054756646423,9.5));
#2447=CARTESIAN_POINT('Ctrl Pts',(12.4447363287658,-28.6734302530381,9.5));
#2448=CARTESIAN_POINT('Ctrl Pts',(12.6331931184439,-28.8440379331994,9.5));
#2449=CARTESIAN_POINT('Ctrl Pts',(12.8892341635833,-28.9753170955337,9.5));
#2450=CARTESIAN_POINT('Ctrl Pts',(13.2051054222914,-29.067721759953,9.5));
#2451=CARTESIAN_POINT('Ctrl Pts',(13.5665102492693,-29.1225706093154,9.5));
#2452=CARTESIAN_POINT('Ctrl Pts',(13.9539905873909,-29.1416482686332,9.5));
#2453=CARTESIAN_POINT('Ctrl Pts',(14.3459741580633,-29.1264503506299,9.5));
#2454=CARTESIAN_POINT('Ctrl Pts',(14.7212982676025,-29.0775274022563,9.5));
#2455=CARTESIAN_POINT('Ctrl Pts',(15.0618389182822,-28.9938576261837,9.5));
#2456=CARTESIAN_POINT('Ctrl Pts',(15.3553703552148,-28.8720595527078,9.5));
#2457=CARTESIAN_POINT('Ctrl Pts',(15.5976672374917,-28.7060998348894,9.5));
#2458=CARTESIAN_POINT('Ctrl Pts',(15.7898135716118,-28.4897751893519,9.5));
#2459=CARTESIAN_POINT('Ctrl Pts',(15.9360896211764,-28.2189889974017,9.5));
#2460=CARTESIAN_POINT('Ctrl Pts',(16.0418219669891,-27.8939161175039,9.5));
#2461=CARTESIAN_POINT('Ctrl Pts',(16.1109951975266,-27.5218236610963,9.5));
#2462=CARTESIAN_POINT('Ctrl Pts',(16.1449702570101,-27.1178684561526,9.5));
#2463=CARTESIAN_POINT('Ctrl Pts',(16.1434465095823,-26.7017995214774,9.5));
#2464=CARTESIAN_POINT('Ctrl Pts',(16.1049210831641,-26.2956598056844,9.5));
#2465=CARTESIAN_POINT('Ctrl Pts',(16.0273752922426,-25.9210187044984,9.5));
#2466=CARTESIAN_POINT('Ctrl Pts',(15.9088169369768,-25.5966591633289,9.5));
#2467=CARTESIAN_POINT('Ctrl Pts',(15.7480406532427,-25.3354030522268,9.5));
#2468=CARTESIAN_POINT('Ctrl Pts',(15.544666487613,-25.1441759118529,9.5));
#2469=CARTESIAN_POINT('Ctrl Pts',(15.3479319988264,-25.0496784822439,9.5));
#2470=CARTESIAN_POINT('Ctrl Pts',(15.1813485733716,-25.0119729584103,9.5));
#2471=CARTESIAN_POINT('Ctrl Pts',(15.061855717985,-25.0015403187993,9.5));
#2472=CARTESIAN_POINT('Ctrl Pts',(15.,-25.,9.5));
#2473=CARTESIAN_POINT('',(15.,-25.,8.5));
#2474=CARTESIAN_POINT('Origin',(12.2997837910313,-25.,8.5));
#2475=CARTESIAN_POINT('',(15.,-25.,9.5));
#2476=CARTESIAN_POINT('Origin',(0.,-23.8952617904377,8.5));
#2477=CARTESIAN_POINT('',(2.24378093370795,-23.8952617904377,8.5));
#2478=CARTESIAN_POINT('Origin',(-15.,-25.,8.5));
#2479=CARTESIAN_POINT('Origin',(36.1924672471724,-38.,8.5));
#2480=CARTESIAN_POINT('',(36.1924672471724,-38.,10.));
#2481=CARTESIAN_POINT('Origin',(8.88178419700125E-15,8.99999999999999,9.5));
#2482=CARTESIAN_POINT('',(-48.,32.,9.5));
#2483=CARTESIAN_POINT('',(-47.,33.,9.5));
#2484=CARTESIAN_POINT('Origin',(-47.,32.,9.5));
#2485=CARTESIAN_POINT('',(-48.,-14.,9.5));
#2486=CARTESIAN_POINT('',(-48.,-2.50000000000001,9.5));
#2487=CARTESIAN_POINT('',(-47.,-15.,9.5));
#2488=CARTESIAN_POINT('Origin',(-47.,-14.,9.5));
#2489=CARTESIAN_POINT('',(47.,-15.,9.5));
#2490=CARTESIAN_POINT('',(23.5,-15.,9.5));
#2491=CARTESIAN_POINT('',(48.,-14.,9.5));
#2492=CARTESIAN_POINT('Origin',(47.,-14.,9.5));
#2493=CARTESIAN_POINT('',(48.,32.,9.5));
#2494=CARTESIAN_POINT('',(48.,20.5,9.5));
#2495=CARTESIAN_POINT('',(47.,33.,9.5));
#2496=CARTESIAN_POINT('Origin',(47.,32.,9.5));
#2497=CARTESIAN_POINT('',(-23.5,33.,9.5));
#2498=CARTESIAN_POINT('Origin',(47.,-14.,8.5));
#2499=CARTESIAN_POINT('',(47.,-15.,10.));
#2500=CARTESIAN_POINT('',(47.,-15.,8.5));
#2501=CARTESIAN_POINT('',(48.,-14.,10.));
#2502=CARTESIAN_POINT('Origin',(47.,-14.,10.));
#2503=CARTESIAN_POINT('',(48.,-14.,8.5));
#2504=CARTESIAN_POINT('Origin',(47.,-15.,8.5));
#2505=CARTESIAN_POINT('',(-47.,-15.,10.));
#2506=CARTESIAN_POINT('',(-47.,-15.,8.5));
#2507=CARTESIAN_POINT('',(47.,-15.,10.));
#2508=CARTESIAN_POINT('Origin',(-47.,-14.,8.5));
#2509=CARTESIAN_POINT('',(-48.,-14.,10.));
#2510=CARTESIAN_POINT('',(-48.,-14.,8.5));
#2511=CARTESIAN_POINT('Origin',(-47.,-14.,10.));
#2512=CARTESIAN_POINT('Origin',(-48.,-14.,8.5));
#2513=CARTESIAN_POINT('',(-48.,32.,10.));
#2514=CARTESIAN_POINT('',(-48.,32.,8.5));
#2515=CARTESIAN_POINT('',(-48.,-14.,10.));
#2516=CARTESIAN_POINT('Origin',(48.,32.,8.5));
#2517=CARTESIAN_POINT('',(48.,32.,10.));
#2518=CARTESIAN_POINT('',(48.,32.,10.));
#2519=CARTESIAN_POINT('',(48.,32.,8.5));
#2520=CARTESIAN_POINT('Origin',(47.,32.,8.5));
#2521=CARTESIAN_POINT('',(47.,33.,10.));
#2522=CARTESIAN_POINT('Origin',(47.,32.,10.));
#2523=CARTESIAN_POINT('',(47.,33.,8.5));
#2524=CARTESIAN_POINT('Origin',(-47.,33.,8.5));
#2525=CARTESIAN_POINT('',(-47.,33.,10.));
#2526=CARTESIAN_POINT('',(-47.,33.,10.));
#2527=CARTESIAN_POINT('',(-47.,33.,8.5));
#2528=CARTESIAN_POINT('Origin',(-47.,32.,8.5));
#2529=CARTESIAN_POINT('Origin',(-47.,32.,10.));
#2530=CARTESIAN_POINT('Origin',(-48.,-33.,8.5));
#2531=CARTESIAN_POINT('',(-53.,-33.,8.5));
#2532=CARTESIAN_POINT('Origin',(-48.,-33.,8.5));
#2533=CARTESIAN_POINT('',(-53.,-33.,10.));
#2534=CARTESIAN_POINT('Origin',(-48.,-33.,10.));
#2535=CARTESIAN_POINT('',(-53.,-33.,8.5));
#2536=CARTESIAN_POINT('Origin',(-53.,33.,8.5));
#2537=CARTESIAN_POINT('',(-53.,33.,8.5));
#2538=CARTESIAN_POINT('',(-53.,-33.,8.5));
#2539=CARTESIAN_POINT('',(-53.,33.,10.));
#2540=CARTESIAN_POINT('',(-53.,-33.,10.));
#2541=CARTESIAN_POINT('',(-53.,33.,8.5));
#2542=CARTESIAN_POINT('Origin',(-48.,33.,8.5));
#2543=CARTESIAN_POINT('',(-48.,38.,8.5));
#2544=CARTESIAN_POINT('Origin',(-48.,33.,8.5));
#2545=CARTESIAN_POINT('',(-48.,38.,10.));
#2546=CARTESIAN_POINT('Origin',(-48.,33.,10.));
#2547=CARTESIAN_POINT('',(-48.,38.,8.5));
#2548=CARTESIAN_POINT('Origin',(48.,38.,8.5));
#2549=CARTESIAN_POINT('',(48.,38.,8.5));
#2550=CARTESIAN_POINT('',(-48.,38.,8.5));
#2551=CARTESIAN_POINT('',(48.,38.,10.));
#2552=CARTESIAN_POINT('',(-48.,38.,10.));
#2553=CARTESIAN_POINT('',(48.,38.,8.5));
#2554=CARTESIAN_POINT('Origin',(48.,33.,8.5));
#2555=CARTESIAN_POINT('',(53.,33.,8.5));
#2556=CARTESIAN_POINT('Origin',(48.,33.,8.5));
#2557=CARTESIAN_POINT('',(53.,33.,10.));
#2558=CARTESIAN_POINT('Origin',(48.,33.,10.));
#2559=CARTESIAN_POINT('',(53.,33.,8.5));
#2560=CARTESIAN_POINT('Origin',(53.,-33.,8.5));
#2561=CARTESIAN_POINT('',(53.,-33.,8.5));
#2562=CARTESIAN_POINT('',(53.,33.,8.5));
#2563=CARTESIAN_POINT('',(53.,-33.,10.));
#2564=CARTESIAN_POINT('',(53.,33.,10.));
#2565=CARTESIAN_POINT('',(53.,-33.,8.5));
#2566=CARTESIAN_POINT('Origin',(48.,-33.,8.5));
#2567=CARTESIAN_POINT('Origin',(48.,-33.,8.5));
#2568=CARTESIAN_POINT('Origin',(48.,-33.,10.));
#2569=CARTESIAN_POINT('Origin',(0.,4.44089209850063E-15,10.));
#2570=CARTESIAN_POINT('Origin',(-24.4581907568782,-29.1943144005512,9.5));
#2571=CARTESIAN_POINT('Origin',(24.4581907568783,-29.1943144005512,9.5));
#2572=CARTESIAN_POINT('Origin',(14.2223770240207,-27.0708241343166,9.5));
#2573=CARTESIAN_POINT('Origin',(14.2223770240207,-27.0708241343166,8.5));
#2574=UNCERTAINTY_MEASURE_WITH_UNIT(LENGTH_MEASURE(0.01),#2578,
'DISTANCE_ACCURACY_VALUE',
'Maximum model space distance between geometric entities at asserted c
onnectivities');
#2575=UNCERTAINTY_MEASURE_WITH_UNIT(LENGTH_MEASURE(0.01),#2578,
'DISTANCE_ACCURACY_VALUE',
'Maximum model space distance between geometric entities at asserted c
onnectivities');
#2576=(
GEOMETRIC_REPRESENTATION_CONTEXT(3)
GLOBAL_UNCERTAINTY_ASSIGNED_CONTEXT((#2574))
GLOBAL_UNIT_ASSIGNED_CONTEXT((#2578,#2580,#2581))
REPRESENTATION_CONTEXT('','3D')
);
#2577=(
GEOMETRIC_REPRESENTATION_CONTEXT(3)
GLOBAL_UNCERTAINTY_ASSIGNED_CONTEXT((#2575))
GLOBAL_UNIT_ASSIGNED_CONTEXT((#2578,#2580,#2581))
REPRESENTATION_CONTEXT('','3D')
);
#2578=(
LENGTH_UNIT()
NAMED_UNIT(*)
SI_UNIT(.MILLI.,.METRE.)
);
#2579=(
LENGTH_UNIT()
NAMED_UNIT(*)
SI_UNIT($,.METRE.)
);
#2580=(
NAMED_UNIT(*)
PLANE_ANGLE_UNIT()
SI_UNIT($,.RADIAN.)
);
#2581=(
NAMED_UNIT(*)
SI_UNIT($,.STERADIAN.)
SOLID_ANGLE_UNIT()
);
#2582=SHAPE_DEFINITION_REPRESENTATION(#2583,#2584);
#2583=PRODUCT_DEFINITION_SHAPE('',$,#2586);
#2584=SHAPE_REPRESENTATION('',(#1263),#2576);
#2585=PRODUCT_DEFINITION_CONTEXT('part definition',#2590,'design');
#2586=PRODUCT_DEFINITION('2026-06-16-04-19-13-137','Top',#2587,#2585);
#2587=PRODUCT_DEFINITION_FORMATION('',$,#2592);
#2588=PRODUCT_RELATED_PRODUCT_CATEGORY('Top','Top',(#2592));
#2589=APPLICATION_PROTOCOL_DEFINITION('international standard',
'automotive_design',2009,#2590);
#2590=APPLICATION_CONTEXT(
'Core Data for Automotive Mechanical Design Process');
#2591=PRODUCT_CONTEXT('part definition',#2590,'mechanical');
#2592=PRODUCT('2026-06-16-04-19-13-137','Top',$,(#2591));
#2593=PRESENTATION_STYLE_ASSIGNMENT((#2595));
#2594=PRESENTATION_STYLE_ASSIGNMENT((#2596));
#2595=SURFACE_STYLE_USAGE(.BOTH.,#2597);
#2596=SURFACE_STYLE_USAGE(.BOTH.,#2598);
#2597=SURFACE_SIDE_STYLE('',(#2599));
#2598=SURFACE_SIDE_STYLE('',(#2600));
#2599=SURFACE_STYLE_FILL_AREA(#2601);
#2600=SURFACE_STYLE_FILL_AREA(#2602);
#2601=FILL_AREA_STYLE('Steel - Satin',(#2603));
#2602=FILL_AREA_STYLE('Plastic - Matte (Gray)',(#2604));
#2603=FILL_AREA_STYLE_COLOUR('Steel - Satin',#2605);
#2604=FILL_AREA_STYLE_COLOUR('Plastic - Matte (Gray)',#2606);
#2605=COLOUR_RGB('Steel - Satin',0.627450980392157,0.627450980392157,0.627450980392157);
#2606=COLOUR_RGB('Plastic - Matte (Gray)',0.701960784313725,0.701960784313725,
0.701960784313725);
ENDSEC;
END-ISO-10303-21;
